$Bez. SO;Bezeichner;Langname;$UKZ;$Kurzname;$Un;P min;P max;NNF_1;NNF_2;NNF_3;NNF_4;NNF_5;NNF_6;NNF_7;NNF_8;NNF_9
AVELGEM;RUIEN;Gas;B;E001;380;175,8;879;879;175,8;879;879;879;175,8;879;879;879
BRUEGEL;SYRAL;Gas;B;E001;380;9,6;48;9,6;9,6;9,6;9,6;9,6;9,6;9,6;9,6;9,6
BRUEGEL;DEUX-ACREN;Öl;B;E001;380;3,6;18;3,6;3,6;3,6;3,6;3,6;3,6;3,6;3,6;3,6
DOEL;KALLO;Gas;B;E001;380;52,2;261;52,2;52,2;52,2;52,2;52,2;52,2;52,2;52,2;52,2
DOEL;EXXON;Gas;B;E001;380;26;130;130;26;130;130;130;26;130;130;130
DOEL;ZWIJNDRECHT;Gas;B;E001;380;11,6;58;11,6;11,6;11,6;11,6;11,6;11,6;11,6;11,6;11,6
DOEL;LILLO DEGUSSA;Gas;B;E001;380;17;85;17;17;17;17;17;17;17;17;17
DOEL;MONSANTO;Gas;B;E001;380;8,6;43;8,6;8,6;8,6;8,6;8,6;8,6;8,6;8,6;8,6
DOEL;LANXESS;Gas;B;E001;380;8,6;43;8,6;8,6;8,6;8,6;8,6;8,6;8,6;8,6;8,6
DOEL;WILMARSDONK;Gas;B;E001;380;30,8;154;30,8;30,8;30,8;30,8;30,8;30,8;30,8;30,8;30,8
DOEL;DOEL;KKW;B;E001;380;2037,7;2911;2911;2911;2911;2911;2911;2911;2911;2911;2911
DROGENBOS;DROGENBOS;Gas;B;E001;380;107,6;538;538;107,6;538;538;538;107,6;538;538;538
DROGENBOS;IXELLES;Öl;B;E001;380;3,6;18;3,6;3,6;3,6;3,6;3,6;3,6;3,6;3,6;3,6
EEKLO;HERDERSBRUG;Gas;B;E001;380;92;460;92;92;92;92;92;92;92;92;92
EEKLO;ZEEBRUGGE 1;Gas;B;E001;380;8;40;8;8;8;8;8;8;8;8;8
EEKLO;ZEEBRUGGE 2;Öl;B;E001;380;3,6;18;3,6;3,6;3,6;3,6;3,6;3,6;3,6;3,6;3,6
EEKLO;AALTER;Öl;B;E001;380;3,6;18;3,6;3,6;3,6;3,6;3,6;3,6;3,6;3,6;3,6
EEKLO;ZEDELGEM;Öl;B;E001;380;3,6;18;3,6;3,6;3,6;3,6;3,6;3,6;3,6;3,6;3,6
GOUY;BAUDOUR;Gas;B;E001;380;70;350;350;70;350;272,1147;350;70;321,2215;350;350
GOUY;AMERCOEUR;Gas;B;E001;380;84;420;241,2687;84;119,1989;84;84;84;84;84;119,1989
HOUFFALIZE;CIERREUX;Öl;B;E001;220;3,4;17;3,4;3,4;3,4;3,4;3,4;3,4;3,4;3,4;3,4
IZEGEM;IZEGEM;Gas;B;E001;380;4,4;22;4,4;4,4;4,4;4,4;4,4;4,4;4,4;4,4;4,4
IZEGEM;HARELBEKE;Gas;B;E001;380;16,6;83;16,6;16,6;16,6;16,6;16,6;16,6;16,6;16,6;16,6
IZEGEM;NOORDSCHOTE;Öl;B;E001;380;3,6;18;3,6;3,6;3,6;3,6;3,6;3,6;3,6;3,6;3,6
IZEGEM;BUDA;Öl;B;E001;380;3,6;18;3,6;3,6;3,6;3,6;3,6;3,6;3,6;3,6;3,6
JUPILLE;MONSIN 1;Gas;B;E001;220;14,74;74;74;14,74;74;14,74;14,74;14,74;14,74;14,74;74
JUPILLE;TURON-THEUX;Öl;B;E001;220;3,4;17;3,4;3,4;3,4;3,4;3,4;3,4;3,4;3,4;3,4
LIXHE;SAPPI;Gas;B;E001;380;8,6;43;8,6;8,6;8,6;8,6;8,6;8,6;8,6;8,6;8,6
LIXHE;LANGERLO;Steinkohle;B;E001;380;166,8;556;556;556;556;556;556;556;556;556;556
MASSENHOVEN;MOL 13;Gas;B;E001;380;6;30;30;6;30;30;30;6;30;30;30
MASSENHOVEN;BEERSE;Öl;B;E001;380;6,4;32;6,4;6,4;6,4;6,4;6,4;6,4;6,4;6,4;6,4
MEERHOUT;GEEL AMOCO;Gas;B;E001;380;8,6;43;8,6;8,6;8,6;8,6;8,6;8,6;8,6;8,6;8,6
MEERHOUT;T-POWER;Gas;B;E001;380;84;420;84;84;84;84;84;84;84;84;84
MERCATOR;OUDEGEM;Gas;B;E001;380;2,9;15;15;2,9;15;15;15;2,9;15;15;15
MERCATOR;BEVEREN;Gas;B;E001;380;4,56;23;4,56;4,56;4,56;4,56;4,56;4,56;4,56;4,56;4,56
MONCEAU;MARCINELLE;Gas;B;E001;220;82;410;410;82;410;410;410;82;410;410;410
RODENHUIZE;RODENHUIZE 1;Gas;B;E001;380;69,2;346;346;69,2;346;346;346;69,2;346;346;346
RODENHUIZE;RINGVAART;Gas;B;E001;380;71,4;357;71,4;71,4;71,4;71,4;71,4;71,4;71,4;71,4;71,4
RODENHUIZE;KNIPPEGROEN;Gas;B;E001;380;70;350;350;70;350;70;70;70;70;70;350
RODENHUIZE;HAM 1;Gas;B;E001;380;31,2;156;31,2;31,2;31,2;31,2;31,2;31,2;31,2;31,2;31,2
RODENHUIZE;LANGERBRUGGE;Gas;B;E001;380;7,4;37;7,4;7,4;7,4;7,4;7,4;7,4;7,4;7,4;7,4
RODENHUIZE;ZELZATE 2;Gas;B;E001;380;61;305;305;61;305;61;92,3427;61;61;206,981;305
RODENHUIZE;ZELZATE 1;Öl;B;E001;380;3,6;18;3,6;3,6;3,6;3,6;3,6;3,6;3,6;3,6;3,6
SERAING;SERAING;Gas;B;E001;220;90;450;90;90;90;90;90;90;90;90;90
SERAING;ANGLEUR;Gas;B;E001;220;47,6;238;238;47,6;238;238;238;47,6;238;238;238
TERGNEE;JEMEPPE-SOLVAY;Gas;B;E001;380;18,8;94;18,8;18,8;18,8;18,8;18,8;18,8;18,8;18,8;18,8
TIHANGE;TIHANGE;KKW;B;E001;380;2111,2;3016;3016;3016;3016;3016;3016;3016;3016;3016;3016
V. BRUG;V. BRUG;Gas;B;E001;380;77;385;77;77;77;77;77;77;77;77;77
ZANDVLIET;ZANDVLIET;GuD;B;E001;380;79;395;79;79;79;79;79;79;79;79;79
COO;COO;Pumpspeicher;B;E003;380;-1035;1164;1164;1164;1164;1164;1164;1164;1164;1164;1164
MONCEAU;PLATE-TAILLE;Pumpspeicher;B;E003;220;-144;144;144;144;144;144;144;144;144;144;144
AMAGER;AMAGERVAERKET;Steinkohle;DK_O;E001;150;122,445;409;409;409;409;409;409;409;409;409;409
ASNAES POWER STATION;ASNAESVAERKET;Ölschiefer;DK_O;E001;380;211,03;1056;211,03;211,03;211,03;211,03;211,03;211,03;211,03;211,03;211,03
AVEDÖRE POWER STATION;AVEDÖRE VAERKET;Gas;DK_O;E001;380;161,63;809;809;809;809;809;809;809;679,991;809;809
BORUP;HILLERÖD;Gas;DK_O;E001;150;15,03;76;76;76;76;76;76;76;76;76;76
GLENTEGÄRD;DTU;Gas;DK_O;E001;380;7,23;37;37;37;37;37;37;37;7,23;37;37
H. C. ÖRSTED POWER STATION;H. C. ÖRSTED VAERKET;Gas;DK_O;E001;380;26,23;132;132;132;132;132;132;132;132;132;132
HASLEV;HASLEV;Heizkraftwerk;DK_O;E001;150;0;4;4;4;4;4;4;4;4;4;4
HEJNINGE;SLAGELSE;Heizkraftwerk;DK_O;E001;150;0;10;10;10;10;10;10;10;10;10;10
KYNDBY;KYNDBYVAERKET;Öl;DK_O;E001;380;134,83;675;424,899;496,605;468,072;266,829;387,129;496,605;134,83;137,583;468,072
RINGSTED;RINGSTED;Gas;DK_O;E001;150;1,83;10;10;10;10;10;10;10;10;10;10
STIGSNAES;STIGSNAESVAERKET;Steinkohle;DK_O;E001;150;122,145;408;408;408;408;408;408;408;408;408;408
SVANEMÖLLE;SVANEMÖLLEVAERKET;Steinkohle;DK_O;E001;150;23,745;80;80;80;80;80;80;80;80;80;80
TEGLSTRUPGÄRD;HELSINGÖR;Gas;DK_O;E001;150;11,03;56;56;56;56;56;56;56;56;56;56
VALSEVAERKET;HELSINGE;Gas;DK_O;E001;150;0,25;2;2;2;2;2;2;2;2;2;2
VESTLOLLAND;MARIBO;Heizkraftwerk;DK_O;E001;150;0;8;8;8;8;8;8;8;8;8;8
ABILDSKOV;GLAMSBJERG;Gas;DK_W;E001;150;0,37;2;0,37;0,37;0,37;0,37;0,37;0,37;0,37;0,37;0,37
ÄSTRUP;GRENÄ;Heizkraftwerk;DK_W;E001;150;0;17;17;17;17;17;17;17;17;17;17
BREDEKAER;HJÖRRING;Gas;DK_W;E001;150;11,63;59;11,63;11,63;11,63;11,63;11,63;11,63;11,63;11,63;11,63
ENSTED;ENSTED VAERKET;Steinkohle;DK_W;E001;220;186,945;624;186,945;271,435;517,668;186,945;200,311;271,435;186,945;186,945;517,668
ESBJERG;ESBJERG VAERKET;Steinkohle;DK_W;E001;150;112,845;377;377;377;377;112,845;377;377;377;377;377
FYNS;FYNS VAERKET;Steinkohle;DK_W;E001;380;201,945;674;674;674;674;674;674;674;674;674;674
HATTING;HORSENS;Müll;DK_W;E001;150;0;34;34;34;34;34;34;34;34;34;34
HERNING;HERNING;Gas;DK_W;E001;150;17,43;88;17,43;17,43;17,43;17,43;17,43;17,43;17,43;17,43;17,43
LYKKEGÄRD;BRAMMING;Gas;DK_W;E001;150;2,77;14;2,77;2,77;2,77;2,77;2,77;2,77;2,77;2,77;2,77
MAGSTRUP;HADERSLEV;Müll;DK_W;E001;150;0;2;2;2;2;2;2;2;2;2;2
MOSELUND;RANDERS;Steinkohle;DK_W;E001;150;15,045;51;51;51;51;35,376;51;51;51;51;51
NIBSTRUP;TAARS;Gas;DK_W;E001;150;0,63;4;0,63;0,63;0,63;0,63;0,63;0,63;0,63;0,63;0,63
NORDJYLLANDS;NORDJYLLANDS VAERKET 1;Steinkohle;DK_W;E001;380;197,445;659;651,596;659;659;197,445;659;659;561,644;269,312;659
SKAERBAEKVAERKET;SKAERBAEKVAERKET;Gas;DK_W;E001;380;78,03;391;78,03;78,03;78,03;78,03;78,03;78,03;78,03;78,03;78,03
STRUER;MÄBJERG;Heizkraftwerk;DK_W;E001;150;0;27;27;27;27;27;27;27;27;27;27
STUDSTRUP;STUDSTRUPVAERKET;Ölschiefer;DK_W;E001;380;139,63;699;139,63;139,63;139,63;139,63;139,63;139,63;139,63;139,63;139,63
SVENDBORG;RUDKÖBING;Heizkraftwerk;DK_W;E001;150;0;1;1;1;1;1;1;1;1;1;1
TANGE;BJERRINGBRO;Gas;DK_W;E001;150;2,03;11;2,03;2,03;2,03;2,03;2,03;2,03;2,03;2,03;2,03
THYREGOD;NÖRRE SNEDE;Gas;DK_W;E001;150;0,35;2;0,35;0,35;0,35;0,35;0,35;0,35;0,35;0,35;0,35
THYREGOD;BRANDE;Gas;DK_W;E001;150;0,57;3;0,57;0,57;0,57;0,57;0,57;0,57;0,57;0,57;0,57
TANGE;TANGEVAERKET;Wasserspeicher;DK_W;E003;150;0;10;10;10;10;10;10;10;10;10;10
ARAMON;ARAMON;Öl;F;E001;380;297,186;1486;297,186;297,186;297,186;297,186;297,186;297,186;297,186;297,186;297,186
ARRIGHI;ARRIGHI;Gas;F;E001;220;67,186;336;67,186;67,186;67,186;67,186;67,186;67,186;67,186;67,186;67,186
BAIXAS;CALCE;Müll;F;E001;380;0;108;108;0;108;0;0;0;0;0;108
BATZENDORF;SCHWEIGHOUSE-SUR-MODER;Müll;F;E001;220;0;89;89;0;89;0;0;0;0;0;89
BAYET;BAYET;Gas;F;E001;380;98,786;494;98,786;98,786;98,786;98,786;98,786;98,786;98,786;98,786;98,786
BEAUCHAMPS;IKOS - FRESNOY FOLNY;Gas;F;E001;220;17,366;87;17,366;17,366;17,366;17,366;17,366;17,366;17,366;17,366;17,366
BEAUREGARD;BLOIS;Müll;F;E001;220;0;92;0;0;92;0;0;0;0;0;92
BELLEVILLE;BELLEVILLE;KKW;F;E001;380;1834;2620;2620;2620;2620;2620;2620;2620;2620;2620;2620
BERANVILLE;EVREUX;Müll;F;E001;220;0;93;93;0;93;0;0;0;0;0;93
BRAEK;BRAEK;Gas;F;E001;220;177,186;886;177,186;177,186;177,186;177,186;177,186;177,186;177,186;177,186;177,186
BRENNILIS;BRENNILIS;Gas;F;E001;220;76,186;381;76,186;76,186;76,186;76,186;76,186;76,186;76,186;76,186;76,186
CAEN;LDC;Gas;F;E001;220;17,246;87;17,246;17,246;17,246;17,246;17,246;17,246;17,246;17,246;17,246
CANTEGRIT;PONTENX-LES-FORGES;Müll;F;E001;380;0;89;0;0;89;0;0;0;0;0;89
CATTENOM;CATTENOM;KKW;F;E001;380;3640;5200;5200;5200;5200;3640;4705,237;5200;5200;5200;5200
CERGY;AZALYS;Müll;F;E001;380;0;96;96;0;96;0;0;0;0;0;96
CHALON;CHAGNY;Gas;F;E001;220;17,426;88;17,426;17,426;17,426;17,426;17,426;17,426;17,426;17,426;17,426
CHATEAURENARD;AVIGNON-VEDENE;Müll;F;E001;220;0;99;99;0;99;0;0;0;0;0;99
CHINON B;CHINON;KKW;F;E001;380;2534;3620;3620;2534;3620;2534;2534;2534;2534;2534;3620
CHOOZ B;CHOOZ B;KKW;F;E001;380;2100;3000;3000;2100;3000;2100;2100;2100;2100;2100;3000
CIVAUX;CIVAUX;KKW;F;E001;380;2093;2990;2990;2093;2990;2093;2093;2093;2093;2093;2990
CORDEMAIS;CORDEMAIS-POSTE;Steinkohle;F;E001;380;805,779;2686;805,779;805,779;805,779;805,779;805,779;805,779;805,779;805,779;805,779
CORMEILLES;ARGENTEUIL;Müll;F;E001;220;0;102;102;0;102;0;0;0;0;0;102
CORMEILLES;CARRIERES-SUR-SEINE;Müll;F;E001;220;0;89;89;0;89;0;0;0;0;0;89
CORMEILLES;GENNEVILLIERS;Gas;F;E001;220;99,786;499;99,786;99,786;99,786;99,786;99,786;99,786;99,786;99,786;99,786
CORMEILLES;LUTH;Gas;F;E001;220;18,286;92;18,286;18,286;18,286;18,286;18,286;18,286;18,286;18,286;18,286
CREIL;ESIANE;Müll;F;E001;220;0;100;100;0;100;0;0;0;0;0;100
CROIX-DE-METZ;CROIX-DE-METZ;Gas;F;E001;220;0;0;0;0;0;0;0;0;0;0;0
CRUAS-MEYSSE;CRUAS;KKW;F;E001;380;2562;3660;3660;3660;3660;3660;3660;3660;3660;3660;3660
DAMPIERRE-EN-BURLY;DAMPIERRE;KKW;F;E001;380;2492;3560;3560;3560;3560;3560;3560;3560;3560;3560;3560
DIRINON;DIRINON;Gas;F;E001;220;51,186;256;51,186;51,186;51,186;51,186;51,186;51,186;51,186;51,186;51,186
DOBERIE;LAMBALLE;Müll;F;E001;220;0;88;0;0;88;0;0;0;0;0;88
FAVARY;PROVENCE SNET;Steinkohle;F;E001;220;286,179;954;286,179;286,179;286,179;286,179;286,179;286,179;286,179;286,179;286,179
FESSENHEIM;FESSENHEIM 1;KKW;F;E001;380;1232;1760;1760;1760;1760;1232;1760;1760;1760;1760;1760
FLAMANVILLE;FLAMANVILLE;KKW;F;E001;380;1862;2660;2660;1862;2660;1862;1862;1862;1862;1862;2660
FLEAC;CALITOM;Gas;F;E001;220;17,346;87;17,346;17,346;17,346;17,346;17,346;17,346;17,346;17,346;17,346
FLOIRAC;BORDEAUX-BEGLES;Müll;F;E001;220;0;109;2,737;0;109;0;0;0;0;0;109
GARCHIZY;FOURCHAMBAULT;Müll;F;E001;220;0;90;90;0;90;0;0;0;0;0;90
GENISSIAT;BELLEGARDE-SUR-VALSERINE;Müll;F;E001;380;0;97;97;0;97;0;0;0;0;0;97
GERVANS;CHAMPBLAIN;Gas;F;E001;220;25,786;129;25,786;25,786;25,786;25,786;25,786;25,786;25,786;25,786;25,786
GIEN;GIEN;Müll;F;E001;220;0;92;92;0;92;0;0;0;0;0;92
GOLFECH;GOLFECH;KKW;F;E001;380;1834;2620;2620;2620;2620;2620;2620;2620;2620;2620;2620
GRAVELINES;GRAVELINES;KKW;F;E001;380;3822;5460;5460;3822;5460;3822;3822;3822;3822;3822;5460
HORNAING;HORNAING;Steinkohle;F;E001;220;101,679;339;101,679;101,679;101,679;101,679;101,679;101,679;101,679;101,679;101,679
HORNAING;DOUCHY-LES-MINES;Müll;F;E001;220;0;92;0;0;92;0;0;0;0;0;92
LA MAXE;LA MAXE;Steinkohle;F;E001;220;175,779;586;175,779;175,779;175,779;175,779;175,779;175,779;175,779;175,779;175,779
L'ARDOISE;ORANGE;Gas;F;E001;220;17,386;87;17,386;17,386;17,386;17,386;17,386;17,386;17,386;17,386;17,386
LE BLAYAIS;LE BLAYAIS;KKW;F;E001;380;2548;3640;3640;3640;3640;3640;3640;3640;3640;3640;3640
LE BUGEY;LE BUGEY;KKW;F;E001;380;2506;3580;3580;3580;3580;2506;2506;3580;2777,737;3580;3580
LE CHASTANG;ROSIERS D'EGLETONS;Müll;F;E001;220;0;91;0;0;91;0;0;0;0;0;91
LE HAVRE;LE HAVRE;Steinkohle;F;E001;380;460,779;1536;460,779;460,779;460,779;460,779;460,779;460,779;460,779;460,779;460,779
LE TRICASTIN;LE TRICASTIN;KKW;F;E001;380;2562;3660;3660;2562;3660;2562;2562;2562;2562;2562;3660
LES ESPIERS;ORISANE;Müll;F;E001;220;0;96;96;0;96;0;0;0;0;0;96
LES ESPIERS;VALORYELE;Müll;F;E001;220;0;96;96;0;96;0;0;0;0;0;96
L'ESTALON;TOULON;Müll;F;E001;220;0;106;0;0;106;0;0;0;0;0;106
LUCY;LUCY;Steinkohle;F;E001;220;106,779;356;106,779;106,779;106,779;106,779;106,779;106,779;106,779;106,779;106,779
MARSILLON;PAU-LESCAR;Müll;F;E001;380;0;92;0;0;92;0;0;0;0;0;92
MARTIGUES;MARTIGUES;Öl;F;E001;220;203,186;1016;203,186;203,186;203,186;203,186;203,186;203,186;203,186;203,186;203,186
MIONS;VALORLY;Müll;F;E001;380;0;94;0;0;94;0;0;0;0;0;94
MONTEREAU;MONTEREAU;Gas;F;E001;380;91,186;456;91,186;91,186;91,186;91,186;91,186;91,186;91,186;91,186;91,186
MORBRAS;VAIRES;Steinkohle;F;E001;380;192,279;641;192,279;192,279;641;192,279;192,279;192,279;192,279;192,279;641
MOUGINS;ANTIBES;Müll;F;E001;220;0;96;96;0;96;0;0;0;0;0;96
MOULNEAUX;ISSEANE;Müll;F;E001;220;0;136;0;0;136;0;0;0;0;0;136
MOULNEAUX;ST. OUEN;Müll;F;E001;220;0;96;0;0;96;0;0;0;0;0;96
MÜLHAUSEN;SAUSHEIM;Müll;F;E001;220;0;99;0;0;99;0;0;0;0;0;99
NANTES;CHEVIRE;Gas;F;E001;220;87,186;436;87,186;87,186;87,186;87,186;87,186;87,186;87,186;87,186;87,186
NIORT;GIZAY;Gas;F;E001;220;17,346;87;17,346;17,346;17,346;17,346;17,346;17,346;17,346;17,346;17,346
NOGENT/SEINE;NOGENT;KKW;F;E001;380;1834;2620;2620;2620;2620;2620;2620;2620;2620;2620;2620
PALUEL;PENLY POSTE PALUEL;KKW;F;E001;380;3724;5320;5320;5320;5320;3724;5320;5320;5320;5320;5320
PARISET;COGERI;Gas;F;E001;220;21,026;106;21,026;21,026;21,026;21,026;21,026;21,026;21,026;21,026;21,026
PASSY;PASSY;Müll;F;E001;220;0;90;0;0;90;0;0;0;0;0;90
PENLY;PENLY CENTRALE;KKW;F;E001;380;1862;2660;2660;2157,737;2660;1862;1862;2157,737;1862;2365,737;2660
PEYROU;LUNEL-VIEL;Müll;F;E001;220;0;96;0;0;96;0;0;0;0;0;96
PORCHEVILLE B;PORCHEVILLE;Öl;F;E001;380;497,186;2486;497,186;497,186;497,186;497,186;497,186;497,186;497,186;497,186;497,186
PORT BOUC;COMBIGOLFE;Gas;F;E001;220;105,186;526;105,186;105,186;105,186;105,186;105,186;105,186;105,186;105,186;105,186
PORT BOUC;FOS-SUR-MER;Gas;F;E001;220;115,186;576;115,186;115,186;115,186;115,186;115,186;115,186;115,186;115,186;115,186
PORT BOUC;CYCOFOS;Gas;F;E001;220;114,986;575;114,986;114,986;114,986;114,986;114,986;114,986;114,986;114,986;114,986
PREGUILLAC;ST. LAURENT DE COGNAC;Gas;F;E001;380;17,346;87;17,346;17,346;17,346;17,346;17,346;17,346;17,346;17,346;17,346
PUSY;NOIDANS-LE-FERROUX;Müll;F;E001;220;0;90;0;0;90;0;0;0;0;0;90
PYMONT;LONS-LE-SAUNIER;Müll;F;E001;220;0;87;0;0;87;0;0;0;0;0;87
QUARTES;P. SAMBRE;Gas;F;E001;220;99,586;498;99,586;99,586;99,586;99,586;99,586;99,586;99,586;99,586;99,586
RABATAU;LA CIOTAT;Gas;F;E001;220;17,426;88;17,426;17,426;17,426;17,426;17,426;17,426;17,426;17,426;17,426
RECY;AUREADE;Müll;F;E001;220;0;94;94;0;94;0;0;0;0;0;94
SANDOUVILLE;OREADE;Müll;F;E001;220;0;103;0;0;103;0;0;0;0;0;103
SEPTEMES;SEMAG;Gas;F;E001;220;17,346;87;17,346;17,346;17,346;17,346;17,346;17,346;17,346;17,346;17,346
ST. NAZAIRE;MONTOIR-DE-BRETAGNE;Gas;F;E001;220;104,186;521;104,186;104,186;104,186;104,186;104,186;104,186;104,186;104,186;104,186
ST-ALBAN-ST-MAURICE;ST. ALBAN;KKW;F;E001;380;1869;2670;2670;2670;2670;2337,737;2670;2670;2670;2670;2670
ST. AVOLD;EMILE-HUCHET;Steinkohle;F;E001;380;418,779;1396;418,779;418,779;418,779;418,779;418,779;418,779;418,779;418,779;418,779
ST-LAURENT-DES-EAUX 1;ST-LAURENT-DES-EAUX 1;KKW;F;E001;380;640,5;915;915;915;915;915;915;915;915;915;915
ST-LAURENT-DES-EAUX 2;ST-LAURENT-DES-EAUX 2;KKW;F;E001;380;640,5;915;915;915;915;915;915;915;915;915;915
STRASBOURG;STRASBOURG 2;Müll;F;E001;220;0;108;0;0;108;0;0;0;0;0;108
THIONVILLE;THIONVILLE;Gas;F;E001;220;53,186;266;53,186;53,186;53,186;53,186;53,186;53,186;53,186;53,186;53,186
TRINITE VICTOR;NICE;Müll;F;E001;220;0;114;0;0;114;0;0;0;0;0;114
VALENCIENNES;BOUCHAIN;Steinkohle;F;E001;220;100,779;336;100,779;100,779;100,779;100,779;100,779;100,779;100,779;100,779;100,779
VALENCIENNES;ST. SAULVE;Müll;F;E001;220;0;101;101;0;101;0;0;0;0;0;101
VANDIERES;BLENOD;Steinkohle;F;E001;380;250,779;836;250,779;250,779;250,779;250,779;250,779;250,779;250,779;250,779;250,779
VERFEIL;BESSIERES;Müll;F;E001;380;0;103;103;0;103;0;0;0;0;0;103
VILLEFRANCHE-SUR-SAONE;VILLEFRANCHE-SUR-SAONE;Müll;F;E001;220;0;93;0;0;93;0;0;0;0;0;93
VILLEVAUDE;ST. THIBAULT-DES-VIGNES;Müll;F;E001;380;0;98;98;0;98;0;0;0;0;0;98
VINCEY;RAMBERVILLERS;Müll;F;E001;380;0;92;0;0;92;0;0;0;0;0;92
VITRY;VITRY;Steinkohle;F;E001;220;385,779;1286;385,779;385,779;710,795;385,779;385,779;385,779;385,779;385,779;710,795
VITRY;CRETEIL;Müll;F;E001;220;0;106;106;0;106;0;0;0;0;0;106
VITRY;IVRY PARIS;Müll;F;E001;220;0;149;0;0;149;0;0;0;0;0;149
ASTON;ASTON;Wasserspeicher;F;E003;220;0;156;156;156;156;156;156;156;156;156;156
AUSSOIS;AUSSOIS;Wasserspeicher;F;E003;220;0;238;238;238;238;238;238;238;238;238;238
BIANCON;ST. CASSIEN;Wasserspeicher;F;E003;380;0;61;61;61;61;61;61;61;61;61;61
BROMMAT;BROMMAT;Wasserspeicher;F;E003;380;0;484;484;484;484;484;484;484;484;484;484
CIZE;CIZE-BOLOZON;Wasserspeicher;F;E003;220;0;81;81;81;81;81;81;81;81;81;81
CURBANS;LAZER;Wasserspeicher;F;E003;220;0;56;56;56;56;56;56;56;56;56;56
CURBANS;CURBANS;Wasserspeicher;F;E003;220;0;205;205;205;205;205;205;205;205;205;205
FOUSCAIS;ST. GUILLERME;Wasserspeicher;F;E003;220;0;156;156;156;156;156;156;156;156;156;156
GENISSIAT;GENISSIAT;Wasserspeicher;F;E003;380;0;460;460;460;460;460;460;460;460;460;460
IZERNORE;MOUX-CHARMINES;Wasserspeicher;F;E003;220;0;68;68;68;68;68;68;68;68;68;68
JACQUARD;GRANGENT;Wasserspeicher;F;E003;220;0;77;77;77;77;77;77;77;77;77;77
LA BATHIE;LA BATHIE;Wasserspeicher;F;E003;380;0;586;586;586;586;586;586;586;586;586;586
LA COCHE;LA COCHE;Pumpspeicher;F;E003;380;-340;360;360;360;360;360;360;360;360;360;360
LA MOLE;VAL-BEYNETTE;Wasserspeicher;F;E003;220;0;70;70;70;70;70;70;70;70;70;70
LA MOLE;TRIOUZOUNE;Wasserspeicher;F;E003;220;0;62;62;62;62;62;62;62;62;62;62
LA MOLE;NEUVIC;Wasserspeicher;F;E003;220;0;62;62;62;62;62;62;62;62;62;62
LA MOLE;MAREGES;Wasserspeicher;F;E003;220;0;312;312;312;312;312;312;312;312;312;312
LA MOLE;BORT;Wasserspeicher;F;E003;220;0;280;280;280;280;280;280;280;280;280;280
LANNEMEZAN;LE PORTILLON;Wasserspeicher;F;E003;220;0;135;135;135;135;135;135;135;135;135;135
LARDIT;LARDIT;Wasserspeicher;F;E003;220;0;85;85;85;85;85;85;85;85;85;85
LE BREUIL;VALETTE;Wasserspeicher;F;E003;380;0;106;106;106;106;106;106;106;106;106;106
LE BREUIL;L'AIGLE;Wasserspeicher;F;E003;380;0;400;400;400;400;400;400;400;400;400;400
LE BROC-CARROS;ST. MARTIN-VESUBIE;Wasserspeicher;F;E003;380;0;92;92;92;92;92;92;92;92;92;92
LE BROC-CARROS;LE BANCAIRON;Wasserspeicher;F;E003;380;0;90;90;90;90;90;90;90;90;90;90
LE CHASTANG;LE CHASTANG;Wasserspeicher;F;E003;220;0;333;333;333;333;333;333;333;333;333;333
LE CHEYLAS;LE CHEYLAS;Pumpspeicher;F;E003;380;-480;540;540;540;540;540;540;540;540;540;540
LE HOURAT;LICQ-ATHEREY;Wasserspeicher;F;E003;220;0;67;67;67;67;67;67;67;67;67;67
LE HOURAT;HOURAT;Wasserspeicher;F;E003;220;0;179;179;179;179;179;179;179;179;179;179
LE SAUTET;SAUTET;Wasserspeicher;F;E003;220;0;116;116;116;116;116;116;116;116;116;116
LES BREVIERES;LES BREVIERES;Wasserspeicher;F;E003;220;0;436;436;436;436;436;436;436;436;436;436
L'HOSPITALET;L'HOSPITALET;Wasserspeicher;F;E003;220;0;133;133;133;133;133;133;133;133;133;133
MAZE;AUZERETTE;Wasserspeicher;F;E003;220;0;69;69;69;69;69;69;69;69;69;69
MENTON;ST. DALMAS;Wasserspeicher;F;E003;220;0;90;90;90;90;90;90;90;90;90;90
MERENS;TEICH;Wasserspeicher;F;E003;220;0;46;46;46;46;46;46;46;46;46;46
MERENS;ORLU;Wasserspeicher;F;E003;220;0;128;128;128;128;128;128;128;128;128;128
MERENS;NENTILLA;Wasserspeicher;F;E003;220;0;137;137;137;137;137;137;137;137;137;137
MERENS;LA TET;Wasserspeicher;F;E003;220;0;81;81;81;81;81;81;81;81;81;81
MIEGEBAT;ARTOUSTE;Wasserspeicher;F;E003;220;0;128;128;128;128;128;128;128;128;128;128
MONTAHUT;MONTAHUT;Wasserspeicher;F;E003;220;0;143;143;143;143;143;143;143;143;143;143
MONTEYNARD;MONTEYNARD;Wasserspeicher;F;E003;220;0;406;406;406;406;406;406;406;406;406;406
MONTEYNARD;ST. GEORGES;Wasserspeicher;F;E003;220;0;100;100;100;100;100;100;100;100;100;100
MONTEZIC;MONTEZIC POSTE;Pumpspeicher;F;E003;380;-840;950;950;950;950;950;950;950;950;950;950
PEYRAT;VASSIVIERE;Wasserspeicher;F;E003;220;0;96;96;96;96;96;96;96;96;96;96
PEYRAT;MONCEAUX-LA-VIROLLE;Wasserspeicher;F;E003;220;0;59;59;59;59;59;59;59;59;59;59
PIED-DE-BORNE;PUYLAURENT;Wasserspeicher;F;E003;220;0;44;44;44;44;44;44;44;44;44;44
PIED-DE-BORNE;PIED-DE-BORNE;Wasserspeicher;F;E003;220;0;150;150;150;150;150;150;150;150;150;150
PLAINE HAUTE;GUERLEDAN;Wasserspeicher;F;E003;380;0;56;56;56;56;56;56;56;56;56;56
PRAGNERES;SOULOM;Wasserspeicher;F;E003;220;0;97;97;97;97;97;97;97;97;97;97
PRAGNERES;PRAGNERES;Pumpspeicher;F;E003;220;-331,15;332;332;332;332;332;332;332;332;332;332
QUINSON;QUINSON;Wasserspeicher;F;E003;220;0;81;81;81;81;81;81;81;81;81;81
REVIN;REVIN;Pumpspeicher;F;E003;380;-800;848;848;848;848;848;848;848;848;848;848
RIORGES;VILLEREST;Wasserspeicher;F;E003;220;0;98;98;98;98;98;98;98;98;98;98
RUEYRES;ST. ETIENNE-CANTALES;Wasserspeicher;F;E003;380;0;146;146;146;146;146;146;146;146;146;146
RUEYRES;LE GOUR NOIR;Wasserspeicher;F;E003;380;0;80;80;80;80;80;80;80;80;80;80
RUEYRES;LAVAL-DE-CERE;Wasserspeicher;F;E003;380;0;172;172;172;172;172;172;172;172;172;172
RUEYRES;ARGENTAT;Wasserspeicher;F;E003;380;0;87;87;87;87;87;87;87;87;87;87
RUEYRES;SARRANS;Wasserspeicher;F;E003;380;0;227;227;227;227;227;227;227;227;227;227
SALLES CURAN;BAGE;Wasserspeicher;F;E003;220;0;56;56;56;56;56;56;56;56;56;56
SALLES CURAN;ALRANCE;Wasserspeicher;F;E003;220;0;54;54;54;54;54;54;54;54;54;54
SAVIGNAC;MARCILLAC;Wasserspeicher;F;E003;220;0;70;70;70;70;70;70;70;70;70;70
SERRE-PONCON;LES CLAUX;Wasserspeicher;F;E003;220;0;53;53;53;53;53;53;53;53;53;53
SERRE-PONCON;EYGLIERS;Wasserspeicher;F;E003;220;0;65;65;65;65;65;65;65;65;65;65
SERRE-PONCON;SERRE-PONCON;Wasserspeicher;F;E003;220;0;410;410;410;410;410;410;410;410;410;410
SISTERON;SISTERON;Wasserspeicher;F;E003;220;0;254;254;254;254;254;254;254;254;254;254
ST. CROIX;CHAUDANNE;Wasserspeicher;F;E003;220;0;64;64;64;64;64;64;64;64;64;64
ST. CROIX;CASTILLON;Wasserspeicher;F;E003;220;0;108;108;108;108;108;108;108;108;108;108
ST. CROIX;ST. CROIX;Wasserspeicher;F;E003;220;0;198;198;198;198;198;198;198;198;198;198
ST. GUILLERME;CHAMPCELLA;Wasserspeicher;F;E003;220;0;52;52;52;52;52;52;52;52;52;52
ST. VICTOR;LE POUGET;Pumpspeicher;F;E003;220;-41,5;612;612;612;612;612;612;612;612;612;612
SUPER-BISSORTE;SUPER-BISSORTE;Pumpspeicher;F;E003;380;-640;923;923;923;923;923;923;923;923;923;923
TORE-SUPRA;VINON;Wasserspeicher;F;E003;380;0;72;72;72;72;72;72;72;72;72;72
VAUJANY;GRAND MAISON;Pumpspeicher;F;E003;380;-1275;1840;1840;1840;1840;1840;1840;1840;1840;1840;1840
VILLARODIN;VILLARODIN;Wasserspeicher;F;E003;380;0;400;400;400;400;400;400;400;400;400;400
VOUGLANS;VOUGLANS;Wasserspeicher;F;E003;220;0;328;328;328;328;328;328;328;328;328;328
BERGUM;BERGUM;Gas;N;E001;220;131,396;657;657;657;657;657;657;657;657;657;657
BEVERWIJK;VELSEN;Gas;N;E001;380;170,596;853;853;853;853;853;853;853;853;853;853
BEVERWIJK;IJMOND;Gas;N;E001;380;27,396;137;137;137;137;137;137;137;137;137;137
BEVERWIJK;ALKMAAR;Müll;N;E001;380;0;87;87;87;87;87;87;87;87;87;87
BORSSELE;SLOE;Gas;N;E001;380;172,596;863;863;863;863;863;863;863;863;863;863
BORSSELE;AES;Steinkohle;N;E001;380;186,894;623;623;623;623;623;623;623;623;623;623
BORSSELE;BORSSELE 1;KKW;N;E001;380;352,8;504;504;504;504;504;504;504;504;504;504
BORSSELE;BORSSELE 2;Steinkohle;N;E001;380;127,794;426;426;426;426;426;426;426;426;426;426
BORSSELE;TERNEUZEN;Gas;N;E001;380;79,596;398;398;398;398;398;398;398;79,596;368,822;398
DIEMEN;DIEMEN 33;Gas;N;E001;380;48,396;242;242;242;242;242;242;242;48,396;48,396;242
DIEMEN;DIEMEN 34;Gas;N;E001;380;0;0;0;0;0;0;0;0;0;0;0
DIEMEN;LAGE WEIDE;Gas;N;E001;380;131,196;656;479,414;656;656;656;656;656;131,196;131,196;656
DODEWAARD;GELDERLAND;Steinkohle;N;E001;380;174,894;583;583;583;583;583;583;583;583;583;583
DODEWAARD;DE KLEEF;Gas;N;E001;380;8,196;41;8,196;41;41;41;41;41;8,196;8,196;41
EEMSHAVEN;EEMS 1;Gas;N;E001;380;489,596;2448;489,596;1297,161;999,144;540,802;1512,644;1297,161;489,596;489,596;999,144
EEMSHAVEN;MAGNUM;Gas;N;E001;380;0;0;0;0;0;0;0;0;0;0;0
EINDHOVEN;EINDHOVEN;Gas;N;E001;380;8,996;45;8,996;8,996;8,996;8,996;8,996;8,996;8,996;8,996;8,996
EINDHOVEN;HELMOND;Gas;N;E001;380;8,596;43;8,596;8,596;8,596;8,596;8,596;8,596;8,596;8,596;8,596
GEERTRUIDENBERG;DONGE;Gas;N;E001;380;22,796;114;22,796;22,796;22,796;22,796;22,796;22,796;22,796;22,796;22,796
GEERTRUIDENBERG;AMER;Steinkohle;N;E001;380;380,394;1268;1268;1268;1268;1268;1268;1268;1268;1268;1268
GEERTRUIDENBERG;MOERDIJK 1;GuD;N;E001;380;152,396;762;152,396;152,396;152,396;152,396;152,396;152,396;152,396;152,396;152,396
GEERTRUIDENBERG;DEN BOSCH;Gas;N;E001;380;5,196;26;5,196;5,196;5,196;5,196;5,196;5,196;5,196;5,196;5,196
GEERTRUIDENBERG;DESCO;Gas;N;E001;380;6,396;32;32;32;32;32;32;32;32;32;32
HENGELO;SALINCO;Gas;N;E001;380;10,596;53;10,596;10,596;10,596;10,596;10,596;10,596;10,596;10,596;10,596
HENGELO;ENSCHEDE;Gas;N;E001;380;10,196;51;10,196;10,196;10,196;10,196;10,196;10,196;10,196;10,196;10,196
HENGELO;HENGELO;Müll;N;E001;380;0;19;19;19;19;19;19;19;19;19;19
HESSENWEG;HARCULO;Gas;N;E001;220;69,796;349;69,796;69,796;69,796;69,796;69,796;69,796;69,796;69,796;69,796
KRIMPEN;ROTTERDAM;GuD;N;E001;380;156,596;783;156,596;156,596;156,596;156,596;156,596;156,596;156,596;156,596;156,596
KRIMPEN;ROCA;Gas;N;E001;380;52,396;262;52,396;52,396;52,396;52,396;52,396;52,396;52,396;52,396;52,396
KRIMPEN;PERGEN;Heizkraftwerk;N;E001;380;0;293;293;293;293;293;293;293;293;293;293
KRIMPEN;GALILEISTRAAT;Gas;N;E001;380;40,396;202;40,396;40,396;40,396;40,396;40,396;40,396;40,396;40,396;40,396
KRIMPEN;DORDRECHT;Müll;N;E001;380;0;25;25;25;25;25;25;25;25;25;25
LELYSTAD;LELYSTAD;Gas;N;E001;380;22,396;112;112;112;112;112;112;112;112;112;112
LELYSTAD;FLEVO;GuD;N;E001;380;174,596;873;174,596;174,596;174,596;174,596;174,596;174,596;174,596;174,596;174,596
LELYSTAD;ALMERE;GuD;N;E001;380;24,196;121;121;121;121;121;121;121;121;121;121
LOUWSMEER;HARLINGEN;Müll;N;E001;220;0;10;10;10;10;10;10;10;10;10;10
MAASBRACHT;DSM;GuD;N;E001;380;45,196;226;226;226;226;226;226;226;151,226;226;226
MAASBRACHT;CLAUS;Gas;N;E001;380;387,596;1938;387,596;387,596;387,596;387,596;387,596;387,596;387,596;387,596;387,596
MAASBRACHT;BUGGENUM;Steinkohle;N;E001;380;83,094;277;277;277;277;277;277;277;277;277;277
MAASVLAKTE;MAASVLAKTE 1;Steinkohle;N;E001;380;327,894;1093;1093;1093;1093;1093;1093;1093;1093;1093;1093
MAASVLAKTE;MAASVLAKTE 2;Gas;N;E001;380;14,596;73;14,596;73;73;73;73;73;14,596;14,596;73
MEEDEN;KLAZIENAVEEN;Gas;N;E001;380;11,196;56;11,196;11,196;11,196;11,196;11,196;11,196;11,196;11,196;11,196
MEEDEN;ERICA;Gas;N;E001;380;11,196;56;11,196;11,196;11,196;11,196;11,196;11,196;11,196;11,196;11,196
MEEDEN;HUNZESTROOM;Gas;N;E001;380;3,196;16;3,196;3,196;3,196;3,196;3,196;3,196;3,196;3,196;3,196
MEEDEN;DOBBESTROOM;Gas;N;E001;380;5,996;30;5,996;5,996;5,996;5,996;5,996;5,996;5,996;5,996;5,996
OOSTZAAN;HEMWEG 7;Steinkohle;N;E001;380;196,647;656;656;656;656;656;656;656;656;656;656
OOSTZAAN;HEMWEG 8;Gas;N;E001;380;119,098;596;119,098;119,098;119,098;119,098;119,098;119,098;119,098;119,098;119,098
OOSTZAAN;HEMWEG 9;Gas;N;E001;380;0;0;0;0;0;0;0;0;0;0;0
OOSTZAAN;PURMEREND;Gas;N;E001;380;12,996;65;12,996;12,996;12,996;12,996;12,996;12,996;12,996;12,996;12,996
OOSTZAAN;AMSTERDAM;Müll;N;E001;380;0;153;153;153;153;153;153;153;153;153;153
ROBBENPLAAT;DELFZIJL;Müll;N;E001;380;0;4;4;4;4;4;4;4;4;4;4
SIMONSHAVEN;BOTLEK;Müll;N;E001;380;0;117;117;117;117;117;117;117;117;117;117
SIMONSHAVEN;APNED;Gas;N;E001;380;7,196;36;7,196;7,196;7,196;7,196;7,196;7,196;7,196;7,196;7,196
SIMONSHAVEN;ROTTERDAM-ROZENBURG;Müll;N;E001;380;0;48;48;48;48;48;48;48;48;48;48
SIMONSHAVEN;BERGEN OP ZOOM;Gas;N;E001;380;5,196;26;5,196;5,196;5,196;5,196;5,196;5,196;5,196;5,196;5,196
WEIWERD;DELESTO;Gas;N;E001;220;104,596;523;104,596;104,596;104,596;104,596;104,596;104,596;104,596;104,596;104,596
WESTERTEE;LEIDEN;Gas;N;E001;380;14,796;74;14,796;14,796;14,796;14,796;14,796;14,796;14,796;14,796;14,796
WESTERTEE;DELFT;Gas;N;E001;380;17,196;86;17,196;17,196;17,196;17,196;17,196;17,196;17,196;17,196;17,196
WESTERTEE;DEN HAAG;Gas;N;E001;380;14,196;71;14,196;14,196;14,196;14,196;14,196;14,196;14,196;14,196;14,196
WESTERTEE;MAASSTROOM;Gas;N;E001;380;84,196;421;84,196;84,196;84,196;84,196;84,196;84,196;84,196;84,196;84,196
ZEYERVEEN;WIJSTER;Müll;N;E001;220;0;41;41;41;41;41;41;41;41;41;41
ALTENWÖRTH;THEIß;Gas;O;E001;220;171,696;859;171,696;171,696;171,696;171,696;171,696;171,696;171,696;171,696;171,696
BISAMBERG;DONAUSTADT 3;Gas;O;E001;380;85,096;426;85,096;85,096;85,096;85,096;85,096;85,096;85,096;85,096;85,096
BISAMBERG;KORNEUBURG;Gas;O;E001;380;84,696;424;84,696;84,696;84,696;84,696;84,696;84,696;84,696;84,696;84,696
BISAMBERG;ZISTERSDORF;Müll;O;E001;380;0;73;0;0;0;0;0;0;0;0;0
DÜRNROHR;DÜRNROHR;Steinkohle;O;E001;380;244,644;816;244,644;244,644;244,644;244,644;244,644;244,644;244,644;244,644;244,644
HAUSRUCK;TIMELKAM CC;GuD;O;E001;220;92,696;464;92,696;92,696;92,696;92,696;92,696;92,696;92,696;92,696;92,696
HAUSRUCK;TIMELKAM 4;Gas;O;E001;220;24,896;125;24,896;24,896;24,896;24,896;24,896;24,896;24,896;24,896;24,896
HAUSRUCK;LENZING;Heizkraftwerk;O;E001;220;0;160;160;160;160;160;160;160;160;160;160
HESSENBERG;NIKALSDORF;Müll;O;E001;220;0;66;0;0;0;0;0;0;0;0;0
KAINACHTAL;WERNDORF;Heizkraftwerk;O;E001;380;0;344;344;344;344;344;344;344;344;344;344
KAINACHTAL;MELLACH 1;Gas;O;E001;380;178,096;891;178,096;178,096;178,096;178,096;178,096;178,096;178,096;178,096;178,096
KAINACHTAL;MELLACH 2;Heizkraftwerk;O;E001;380;0;305;305;305;305;305;305;305;305;305;305
KAINACHTAL;HEILIGENKREUZ;Gas;O;E001;380;13,596;68;13,596;13,596;13,596;13,596;13,596;13,596;13,596;13,596;13,596
OSTSTEIERMARKT;GRAZ;Heizkraftwerk;O;E001;380;0;116;116;116;116;116;116;116;116;116;116
OTTENSHEIM;H. LINZ;Gas;O;E001;220;44,496;223;44,496;44,496;44,496;44,496;44,496;44,496;44,496;44,496;44,496
OTTENSHEIM;LINZ;Müll;O;E001;220;0;76;0;0;0;0;0;0;0;0;0
ROSEGG;ARNOLDSTEIN;Müll;O;E001;220;0;66;0;0;0;0;0;0;0;0;0
SALZACH;RIEDERSBACH 1;Steinkohle;O;E001;220;34,044;114;34,044;34,044;34,044;34,044;34,044;34,044;34,044;34,044;34,044
SALZACH;RIEDERSBACH 2;Steinkohle;O;E001;220;67,944;227;67,944;67,944;67,944;67,944;67,944;67,944;67,944;67,944;67,944
SALZACH;SALZBURG NORD;Heizkraftwerk;O;E001;220;0;73;73;73;73;73;73;73;73;73;73
SALZACH;SALZBURG MITTE;Heizkraftwerk;O;E001;220;0;143;143;143;143;143;143;143;143;143;143
SATTLEDT;WELS;Müll;O;E001;220;0;88;0;0;0;0;0;0;0;0;0
WIEN SÜDOST;SIMMERING;Gas;O;E001;380;187,496;938;187,496;187,496;187,496;187,496;187,496;187,496;187,496;187,496;187,496
WIEN SÜDOST;LEOPOLDAU;Gas;O;E001;380;42,696;214;42,696;42,696;42,696;42,696;42,696;42,696;42,696;42,696;42,696
WIEN SÜDOST;PFAFFENAU;Müll;O;E001;380;0;73;0;0;0;0;0;0;0;0;0
WIEN SÜDOST;SPITTELAU;Müll;O;E001;380;0;66;0;0;0;0;0;0;0;0;0
HÄUSLING;HÄUSLING;Pumpspeicher;O;E003;220;-360;366;366;366;366;366;366;366;366;366;366
KAPRUN;KAPRUN LIMBERG II;Pumpspeicher;O;E003;220;-480;486;486;486;486;486;486;486;486;486;486
KAPRUN;REMSACH;Wasserspeicher;O;E003;220;0;37;37;37;37;37;37;37;37;37;37
KAPRUN;BÖCKSTEIN;Wasserspeicher;O;E003;220;0;52;52;52;52;52;52;52;52;52;52
KAPRUN;NASSFELD;Wasserspeicher;O;E003;220;-31,5;38;38;38;38;38;38;38;38;38;38
KAPRUN;KAPRUN-HAUPTSTUFE;Wasserspeicher;O;E003;220;0;246;246;246;246;246;246;246;246;246;246
KAPRUN;KAPRUN-OBERSTUFE;Pumpspeicher;O;E003;220;-130;119;119;119;119;119;119;119;119;119;119
KAPRUN;BÄRENWERK;Wasserspeicher;O;E003;220;0;18;18;18;18;18;18;18;18;18;18
KOPS I;RIFAWERK;Pumpspeicher;O;E003;220;-8;13;13;13;13;13;13;13;13;13;13
KOPS I;VERMUNT;Wasserspeicher;O;E003;220;0;191;191;191;191;191;191;191;191;191;191
KOPS I;KOPSWERK I;Wasserspeicher;O;E003;220;0;253;253;253;253;253;253;253;253;253;253
KOPS I;KOPSWERK II;Wasserspeicher;O;E003;220;0;456;456;456;456;456;456;456;456;456;456
KÜHTAI;KÜHTAI;Pumpspeicher;O;E003;220;-250;295;295;295;295;295;295;295;295;295;295
LIENZ;FELDSEE;Wasserspeicher;O;E003;380;0;146;146;146;146;146;146;146;146;146;146
LIENZ;ZIRKNITZ;Wasserspeicher;O;E003;380;0;38;38;38;38;38;38;38;38;38;38
LIENZ;AUßERFRAGANT;Wasserspeicher;O;E003;380;0;72;72;72;72;72;72;72;72;72;72
LIENZ;INNERFRAGANT;Wasserspeicher;O;E003;380;0;114;114;114;114;114;114;114;114;114;114
LÜNERSEE;LÜNERSEE;Pumpspeicher;O;E003;220;-224;238;238;238;238;238;238;238;238;238;238
LÜNERSEE;WALGAU;Wasserspeicher;O;E003;220;0;100;100;100;100;100;100;100;100;100;100
MALTA;ZEDERHAUS;Wasserspeicher;O;E003;220;0;16;16;16;16;16;16;16;16;16;16
MALTA;KREUZECK;Wasserspeicher;O;E003;220;0;51;51;51;51;51;51;51;51;51;51
MALTA;ROTGÜLDEN;Wasserspeicher;O;E003;220;0;11;11;11;11;11;11;11;11;11;11
MALTA;MURFALL;Wasserspeicher;O;E003;220;0;7;7;7;7;7;7;7;7;7;7
MALTA;HINTERMUHR;Pumpspeicher;O;E003;220;-104;110;110;110;110;110;110;110;110;110;110
MALTA;REIßECK;Wasserspeicher;O;E003;220;0;97;97;97;97;97;97;97;97;97;97
MALTA;MALTA-HAUPTSTUFE;Pumpspeicher;O;E003;220;-580;736;736;736;736;736;736;736;736;736;736
MALTA;MALTA-OBERSTUFE;Pumpspeicher;O;E003;220;-120;126;126;126;126;126;126;126;126;126;126
MAYRHOFEN;MAYRHOFEN;Wasserspeicher;O;E003;220;0;351;351;351;351;351;351;351;351;351;351
PRUTZ;PRUTZ;Wasserspeicher;O;E003;220;0;376;376;376;376;376;376;376;376;376;376
PRUTZ;KAUNERTAL;Wasserspeicher;O;E003;220;0;398;398;398;398;398;398;398;398;398;398
PYHRN;HIEFLAU;Wasserspeicher;O;E003;220;0;69;69;69;69;69;69;69;69;69;69
RODUND;RODUND;Pumpspeicher;O;E003;220;-317;499;499;499;499;499;499;499;499;499;499
RODUND;LATSCHAUWERK;Wasserspeicher;O;E003;220;0;15;15;15;15;15;15;15;15;15;15
ROßHAG;ROßHAG;Pumpspeicher;O;E003;220;-240;237;237;237;237;237;237;237;237;237;237
SALZACH;STRUBKLAMM;Wasserspeicher;O;E003;220;0;21;21;21;21;21;21;21;21;21;21
SALZACH;WIESTAL;Wasserspeicher;O;E003;220;0;34;34;34;34;34;34;34;34;34;34
SILZ;SILZ;Pumpspeicher;O;E003;220;-500;506;506;506;506;506;506;506;506;506;506
ST. ANDRÄ;KORALPE;Pumpspeicher;O;E003;220;-50;56;56;56;56;56;56;56;56;56;56
TAUERN;DIESSBACH;Wasserspeicher;O;E003;380;0;32;32;32;32;32;32;32;32;32;32
TAUERN;SCHWARZACH;Wasserspeicher;O;E003;380;0;126;126;126;126;126;126;126;126;126;126
THAUR;ACHENSEE;Wasserspeicher;O;E003;220;0;85;85;85;85;85;85;85;85;85;85
WEIßENBACH;GOSAU;Wasserspeicher;O;E003;220;0;13;13;13;13;13;13;13;13;13;13
WEIßENBACH;SALZA;Wasserspeicher;O;E003;220;0;14;14;14;14;14;14;14;14;14;14
WEIßENBACH;MANDLING;Wasserspeicher;O;E003;220;0;12;12;12;12;12;12;12;12;12;12
WEIßENBACH;SÖLK;Wasserspeicher;O;E003;220;0;67;67;67;67;67;67;67;67;67;67
WERBEN;LANGENEGG;Wasserspeicher;O;E003;220;0;80;80;80;80;80;80;80;80;80;80
ZELL/ZILLER;FUNSINGAU;Wasserspeicher;O;E003;380;0;31;31;31;31;31;31;31;31;31;31
ZELL/ZILLER;HOLLERSBACH;Wasserspeicher;O;E003;380;0;11;11;11;11;11;11;11;11;11;11
ZELL/ZILLER;TRATTENBACH;Wasserspeicher;O;E003;380;0;11;11;11;11;11;11;11;11;11;11
ZELL/ZILLER;GERLOS;Wasserspeicher;O;E003;380;0;206;206;206;206;206;206;206;206;206;206
ZELTWEG;ST. MARTIN;Wasserspeicher;O;E003;220;0;16;16;16;16;16;16;16;16;16;16
ZELTWEG;BÖSDORNAU;Wasserspeicher;O;E003;220;0;31;31;31;31;31;31;31;31;31;31
ZELTWEG;BODENDORF-PAAL;Wasserspeicher;O;E003;220;0;33;33;33;33;33;33;33;33;33;33
ZELTWEG;ARNSTEIN;Wasserspeicher;O;E003;220;0;36;36;36;36;36;36;36;36;36;36
ADAMOW;ADAMOW;Braunkohle;Z;E001;220;420;600;600;600;600;600;600;600;600;600;600
BLACHOZNIA;BLACHOWNIA;Bitumen;Z;E001;220;0;165;0;0;0;0;0;0;0;0;0
BUJAKOW;BIELSKO-BIALA;Bitumen;Z;E001;220;0;75;0;0;0;0;0;0;0;0;0
BYCZYNA;JAWORZNO;Bitumen;Z;E001;220;0;1540;0;0;0;0;0;0;0;0;0
BYDGOSZCZ ZACHOD;BYDGOSZCZ;Braunkohle;Z;E001;220;158,9;227;227;227;227;227;227;227;227;227;227
CZECZOT;BIELSKO-POLNOC;Bitumen;Z;E001;220;0;55;0;0;0;0;0;0;0;0;0
DOBRZEN;OPOLE;Steinkohle;Z;E001;380;288;960;960;960;960;960;960;960;960;960;960
GDANSK I;GDANSK;Braunkohle;Z;E001;380;225,75;323;323;323;323;323;323;323;323;323;323
GDANSK I;WYBREZE;Braunkohle;Z;E001;380;231,7;331;331;331;331;331;331;331;331;331;331
GORZOW;GORZOW;GuD;Z;E001;220;11;55;55;55;55;55;55;55;55;55;55
HALEMBA;HALEMBA;Bitumen;Z;E001;220;0;200;0;0;0;0;0;0;0;0;0
KATOWICE;ELCHO CHORZOW;Bitumen;Z;E001;220;0;220;0;0;0;0;0;0;0;0;0
KIELCE;KIELCE;Bitumen;Z;E001;380;0;300;0;0;0;0;0;0;0;0;0
KLECINA;WROCLAW;Bitumen;Z;E001;220;0;263;0;0;0;0;0;0;0;0;0
KONIN;KONIN;Braunkohle;Z;E001;220;341,6;488;488;488;488;488;488;488;488;488;488
KOPANINA;LAZISKA;Bitumen;Z;E001;220;0;1030;0;0;0;0;0;0;0;0;0
KOPANINA;TYCHY II;Bitumen;Z;E001;220;0;40;40;40;0;0;0;40;0;0;0
KOZIENICE;KOZIENICE;Bitumen;Z;E001;380;0;2940;93,68;183,68;0;0;0;183,68;0;0;0
KRAJNIK;DOLNA ODRA;Bitumen;Z;E001;380;0;1832;0;0;0;0;0;0;0;0;0
LAGISZA;LAGISZA;Bitumen;Z;E001;380;0;1300;0;0;0;0;0;0;0;0;0
LAGISZA;BEDZIN;Bitumen;Z;E001;380;0;82;0;0;0;0;0;0;0;0;0
LESNIOW;ZIELONA GORA;Gas;Z;E001;220;39,6;198;198;198;198;198;198;198;198;198;198
LUBLIN;LUBLIN-WROTKOW;Gas;Z;E001;380;47;235;235;235;235;235;235;235;235;235;235
LUBOCZA;KRAKOW;Bitumen;Z;E001;220;0;460;460;460;460;460;460;460;460;460;460
MIKULOWA;TUROW;Braunkohle;Z;E001;380;1400;2000;2000;2000;2000;2000;2000;2000;2000;2000;2000
MORY;SIEKIERKI;KWK (Steinkohle);Z;E001;220;0;622;622;622;622;622;622;622;622;622;622
MOSCISKA;ZERAN;KWK (Bitumen);Z;E001;380;0;250;250;250;250;250;250;250;250;250;250
OSTROLEKA;OSTROLEKA;Bitumen;Z;E001;220;0;600;0;0;0;0;0;0;0;0;0
PASKUROWICE;KOGENERACJA;KWK (Bitumen);Z;E001;380;0;363;363;363;363;363;363;363;363;363;363
PATNOW;PATNOW;Braunkohle;Z;E001;220;884,8;1264;1264;1264;1264;1264;1264;1264;1264;1264;1264
POLANIEC;POLANIEC;Bitumen;Z;E001;380;0;1600;1600;1600;1600;1600;1600;1600;1600;1600;1600
POZNAN POLUDNIE;DALKIA POZNAN;Braunkohle;Z;E001;220;192,5;275;275;275;275;275;275;275;275;275;275
ROGOWIEC;BELCHATOW;Braunkohle;Z;E001;380;3108;4440;4440;4440;4440;4440;4440;4440;4440;4440;4440
ROKITNICA;MIECHOWICE;Bitumen;Z;E001;380;0;125;125;125;121,68;0;0;125;0;0;121,68
ROKITNICA;ZABRZE;Bitumen;Z;E001;380;0;74;74;74;74;74;74;74;74;74;74
RZESZOW;RZESZOW;Gas;Z;E001;380;20,2;101;101;101;101;101;101;101;101;101;101
SIERSZA;SIERSZA;Bitumen;Z;E001;220;0;676;0;0;0;0;0;0;0;0;0
SKAWINA;SKAWINA;Bitumen;Z;E001;220;0;490;490;490;490;490;490;490;490;490;490
STALOWA WOLA;STALOWA WOLA;Bitumen;Z;E001;220;0;250;250;250;250;250;250;250;250;250;250
STALOWA WOLA;NOWA SARZYNA;Gas;Z;E001;220;23,2;116;116;116;116;116;116;116;116;116;116
TAMOW;TARNOW II;Bitumen;Z;E001;380;0;56;0;0;0;0;0;0;0;0;0
TAMOW;TARNOW I;GuD;Z;E001;380;0,746;4;4;4;4;4;4;4;4;4;4
WIELOPOLE;RYBRIK;Bitumen;Z;E001;380;0;1750;1750;1750;1750;1370,68;1215,68;1750;830,68;1452,68;1750
ZGIERZ;DALKIA LODZ;Braunkohle;Z;E001;220;351,995;503;503;503;503;503;503;503;503;503;503
BUJAKOW;TRESNA;Wasserspeicher;Z;E003;220;0;34;34;34;34;34;34;34;34;34;34
BUJAKOW;PORABKA;Wasserspeicher;Z;E003;220;0;25;25;25;25;25;25;25;25;25;25
BUJAKOW;PORABKA ZAR;Pumpspeicher;Z;E003;220;0;513;513;513;513;513;513;513;513;513;513
CIEPLICE;BOBROWICE;Wasserspeicher;Z;E003;220;0;14;14;14;14;14;14;14;14;14;14
CIEPLICE;PILCHOWICE;Wasserspeicher;Z;E003;220;0;20;20;20;20;20;20;20;20;20;20
GDANSK BLONIA;BIELKOWO;Wasserspeicher;Z;E003;380;0;20;20;20;20;20;20;20;20;20;20
JASINIEC;KORONOWO;Wasserspeicher;Z;E003;220;0;39;39;39;39;39;39;39;39;39;39
JASINIEC;ZUR;Wasserspeicher;Z;E003;220;0;21;21;21;21;21;21;21;21;21;21
KLECINA;GRODEK;Wasserspeicher;Z;E003;220;0;16;16;16;16;16;16;16;16;16;16
KROSNO-ISKRZYNIA;MYCZKOWCE;Wasserspeicher;Z;E003;380;0;21;21;21;21;21;21;21;21;21;21
KROSNO-ISKRZYNIA;SOLINA;Pumpspeicher;Z;E003;380;0;213;213;213;213;213;213;213;213;213;213
LESNIOW;DYCHOW;Pumpspeicher;Z;E003;220;0;103;103;103;103;103;103;103;103;103;103
MOSCISKA;DEBE;Wasserspeicher;Z;E003;380;0;33;33;33;33;33;33;33;33;33;33
SKAWINA;NIEDZICA;Pumpspeicher;Z;E003;220;0;107;107;107;107;107;107;107;107;107;107
TAMOW;CZCHOW;Wasserspeicher;Z;E003;380;0;21;21;21;21;21;21;21;21;21;21
TAMOW;ROZNOW;Wasserspeicher;Z;E003;380;0;63;63;63;63;63;63;63;63;63;63
ZARNOWIEC;ZARNOWIEC;Pumpspeicher;Z;E003;380;0;729;729;729;729;729;729;729;729;729;729
ZYDOWO;ZYDOWO;Pumpspeicher;Z;E003;220;0;163;163;163;163;163;163;163;163;163;163
BENKEN;NIEDERURNEN;Müll;S;E001;380;0;26;0;0;0;0;0;0;0;0;0
BEZNAU;BEZNAU;KKW;S;E001;380;511;730;511;511;511;511;511;511;511;511;511
BIRR;TURGI;Müll;S;E001;220;0;26;0;0;0;0;0;0;0;0;0
GERLAFINGEN;ZUCHWIL;Müll;S;E001;220;0;25;0;0;0;0;0;0;0;0;0
GÖSGEN;GÖSGEN;KKW;S;E001;380;689,5;985;689,5;689,5;689,5;689,5;689,5;689,5;689,5;689,5;689,5
HAUTERIVE;FRIBOURG;Müll;S;E001;220;0;23;0;0;0;0;0;0;0;0;0
KERZERS;COLOMBIER;Müll;S;E001;220;0;19;0;0;0;0;0;0;0;0;0
LACHMATT;BASEL;Müll;S;E001;220;0;30;0;0;0;0;0;0;0;0;0
LEIBSTADT;LEIBSTADT;KKW;S;E001;380;833;1190;833;833;833;833;833;833;833;833;833
MAPRAGG;UNTERVAZ;Müll;S;E001;380;0;25;0;0;0;0;0;0;0;0;0
MÜHLEBERG;MÜHLEBERG;KKW;S;E001;220;261,1;373;261,1;261,1;261,1;261,1;261,1;261,1;261,1;261,1;261,1
MÜHLEBERG;BIEL;Müll;S;E001;220;0;25;0;0;0;0;0;0;0;0;0
SEEBACH;AUBRUGG;Heizkraftwerk;S;E001;220;0;24;24;24;24;24;24;24;24;24;24
ST. TRIPHON;MONTHEL;Gas;S;E001;220;13,528;68;13,528;13,528;13,528;13,528;13,528;13,528;13,528;13,528;13,528
VERBOIS;LES CHENEVIERS;Müll;S;E001;380;0;44;0;0;0;0;0;0;0;0;0
WIMMIS;THUN;Müll;S;E001;220;0;25;0;0;0;0;0;0;0;0;0
WINKELN;ST. GALLEN;Müll;S;E001;220;0;19;0;0;0;0;0;0;0;0;0
WITTENWIL;BAZENHEID;Müll;S;E001;220;0;15;0;0;0;0;0;0;0;0;0
AVEGNO;MAGGIA;Wasserspeicher;S;E003;220;0;626;626;626;626;626;626;626;626;626;626
BÄRENBURG;BÄRENBURG;Wasserspeicher;S;E003;220;0;220;220;220;220;220;220;220;220;220;220
BÄRENBURG;HINTERRHEIN;Wasserspeicher;S;E003;220;0;651;651;651;651;651;651;651;651;651;651
BATIAZ;BATIAZ;Wasserspeicher;S;E003;220;0;160;160;160;160;160;160;160;160;160;160
BATIAZ;VERNAYAZ;Wasserspeicher;S;E003;220;0;92;92;92;92;92;92;92;92;92;92
BAVONA;BAVONA;Wasserspeicher;S;E003;220;0;124;124;124;124;124;124;124;124;124;124
BENKEN;AM LÖNTSCH;Wasserspeicher;S;E003;380;0;90;90;90;90;90;90;90;90;90;90
BIASCA;BIASCA;Wasserspeicher;S;E003;220;0;324;324;324;324;324;324;324;324;324;324
BITSCH;BITSCH;Wasserspeicher;S;E003;220;0;331;331;331;331;331;331;331;331;331;331
CASTASEGNA;CASTASEGNA;Wasserspeicher;S;E003;220;0;100;100;100;100;100;100;100;100;100;100
CAVERGNO;CAVERGNO;Wasserspeicher;S;E003;220;0;104;104;104;104;104;104;104;104;104;104
CHAMOSON;CHANDOLINE;Wasserspeicher;S;E003;220;0;120;120;120;120;120;120;120;120;120;120
CHIPPIS;GOUGRA;Wasserspeicher;S;E003;220;0;159;159;159;159;159;159;159;159;159;159
FERRERA;FERRERA 1;Pumpspeicher;S;E003;220;-63;126;126;126;126;126;126;126;126;126;126
FIESCH;CONCHES;Wasserspeicher;S;E003;220;0;117;117;117;117;117;117;117;117;117;117
FILISUR;ENGADIN;Wasserspeicher;S;E003;380;0;410;410;410;410;410;410;410;410;410;410
FIONNAY FMM;FIONNAY (MAUVOISIN);Wasserspeicher;S;E003;220;0;128;128;128;128;128;128;128;128;128;128
FIONNAY GD;FIONNAY (DIXENCE);Wasserspeicher;S;E003;220;0;312;312;312;312;312;312;312;312;312;312
FIONNAY GD;GRANDE DIXENCE;Wasserspeicher;S;E003;220;0;680;680;680;680;680;680;680;680;680;680
GÖSCHENEN;GÖSCHENEN 1;Wasserspeicher;S;E003;220;0;165;165;165;165;165;165;165;165;165;165
GRIMSEL;GRIMSEL 2;Pumpspeicher;S;E003;220;-352;348;348;348;348;348;348;348;348;348;348
HANDECK;HANDECK 1/2;Wasserspeicher;S;E003;220;0;236;236;236;236;236;236;236;236;236;236
INNERTKIRCHEN;INNERTKIRCHEN;Wasserspeicher;S;E003;220;0;302;302;302;302;302;302;302;302;302;302
INNERTKIRCHEN;HOPFLAUENEN (TRIFT);Wasserspeicher;S;E003;220;0;86;86;86;86;86;86;86;86;86;86
LÖBBIA;LÖBBIA;Wasserspeicher;S;E003;220;0;95;95;95;95;95;95;95;95;95;95
MAGADINO;GORDOLA;Wasserspeicher;S;E003;220;0;133;133;133;133;133;133;133;133;133;133
MAPRAGG;MAPRAGG;Pumpspeicher;S;E003;380;-159;280;280;280;280;280;280;280;280;280;280
OLIVONE;OLIVONE;Wasserspeicher;S;E003;220;0;102;102;102;102;102;102;102;102;102;102
OLIVONE;ZERVREILA;Wasserspeicher;S;E003;220;0;250;250;250;250;250;250;250;250;250;250
OLIVONE;BLENIO;Wasserspeicher;S;E003;220;0;391;391;391;391;391;391;391;391;391;391
PRADELLA;PRADELLA;Wasserspeicher;S;E003;380;0;300;300;300;300;300;300;300;300;300;300
PRADELLA;MARTINA;Wasserspeicher;S;E003;380;0;84;84;84;84;84;84;84;84;84;84
RIDDES;CLEUSON-DIXENCE;Wasserspeicher;S;E003;220;0;1200;1200;1200;1200;1200;1200;1200;1200;1200;1200
RIDDES;RIDDES;Wasserspeicher;S;E003;220;0;225;225;225;225;225;225;225;225;225;225
RIDDES;BIEUDRON;Wasserspeicher;S;E003;220;0;1200;1200;1200;1200;1200;1200;1200;1200;1200;1200
RIDDES;NENDAZ;Wasserspeicher;S;E003;220;0;384;384;384;384;384;384;384;384;384;384
ROBIEI;ROBIEI;Pumpspeicher;S;E003;220;-157;173;173;173;173;173;173;173;173;173;173
SARELLI;SARELLI;Wasserspeicher;S;E003;220;0;90;90;90;90;90;90;90;90;90;90
SCHIFFENEN;SCHIFFENEN;Wasserspeicher;S;E003;220;0;71;71;71;71;71;71;71;71;71;71
SEDRUN;SEDRUN;Wasserspeicher;S;E003;220;0;150;150;150;150;150;150;150;150;150;150
SIEBNEN;ETZELWERK ALTENDORF;Pumpspeicher;S;E003;220;-54;135;135;135;135;135;135;135;135;135;135
SILS;SILS (KHR);Wasserspeicher;S;E003;380;0;247;247;247;247;247;247;247;247;247;247
STALDEN;STALDEN;Wasserspeicher;S;E003;220;0;185;185;185;185;185;185;185;185;185;185
STALDEN;STEG;Wasserspeicher;S;E003;220;0;110;110;110;110;110;110;110;110;110;110
TAVANASA;TAVANASA KVR;Wasserspeicher;S;E003;380;0;176;176;176;176;176;176;176;176;176;176
TIERFEHD;TIERFEHD (LIMMERN);Pumpspeicher;S;E003;220;-34;261;261;261;261;261;261;261;261;261;261
VALLORCINE;VALLORCINE;Wasserspeicher;S;E003;220;0;195;195;195;195;195;195;195;195;195;195
VALLORCINE;CHATELARD-BARBERINE;Pumpspeicher;S;E003;220;-30;112;112;112;112;112;112;112;112;112;112
VERBANO;VERBANO;Wasserspeicher;S;E003;220;0;181;181;181;181;181;181;181;181;181;181
VEYTAUX;VEYTAUX;Pumpspeicher;S;E003;220;-256;240;240;240;240;240;240;240;240;240;240
ZERMEIGGERN;ZERMEIGGERN;Pumpspeicher;S;E003;220;-46;74;74;74;74;74;74;74;74;74;74
ALBRECHTICE;DETMAROVICE;Braunkohle;C;E001;380;252,615;843;252,615;252,615;252,615;252,615;252,615;252,615;252,615;252,615;252,615
ALBRECHTICE;OSTRAVA-KUNCICE;Braunkohle;C;E001;380;88,815;297;88,815;88,815;88,815;88,815;88,815;88,815;88,815;88,815;88,815
CHOMUTOV;KOMORANY;Braunkohle;C;E001;220;83,715;280;280;280;280;280;280;280;280;280;280
CHOTEJOVICE;LEDVICE;Braunkohle;C;E001;220;204,615;683;204,615;204,615;204,615;204,615;204,615;204,615;204,615;204,615;204,615
CHRAST;PLZEN SKODA;Braunkohle;C;E001;380;39,915;134;39,915;39,915;39,915;39,915;39,915;39,915;39,915;39,915;39,915
CHVALETICE;CHVALETICE;Braunkohle;C;E001;380;252,615;843;252,615;252,615;252,615;252,615;252,615;252,615;252,615;252,615;252,615
DUKOVANY;DUKOVANY;KKW;C;E001;380;1275,4;1822;1822;1822;1822;1822;1822;1822;1822;1822;1822
HRADEC ZAPAD;KLADNO;Braunkohle;C;E001;380;142,515;476;142,515;142,515;142,515;142,515;142,515;142,515;142,515;142,515;142,515
MELNIK;MELNIK;Braunkohle;C;E001;380;334,215;1115;334,215;334,215;334,215;334,215;334,215;334,215;334,215;334,215;334,215
MELNIK;MLADA BOLESLAV;Braunkohle;C;E001;380;36,615;123;123;123;123;123;123;123;123;123;123
NEZNASOV;OPATOVICE;Braunkohle;C;E001;380;121,515;406;406;406;406;406;406;406;203,935;406;406
NEZNASOV;PORICI;Braunkohle;C;E001;380;62,115;208;208;208;208;208;208;208;62,115;208;208
POCERADY;POCERADY;Braunkohle;C;E001;380;372,615;1243;1059,665;1013,065;925,065;516,065;701,665;1013,065;372,615;1036,165;925,065
PROSENICE;MORAVSKE;Braunkohle;C;E001;380;30,015;101;30,015;30,015;30,015;30,015;30,015;30,015;30,015;30,015;30,015
PROSENICE;ZLIN;Braunkohle;C;E001;380;32,415;109;32,415;32,415;32,415;32,415;32,415;32,415;32,415;32,415;32,415
PROSENICE;OLOMOUC;Braunkohle;C;E001;380;24,615;83;24,615;24,615;24,615;24,615;24,615;24,615;24,615;24,615;24,615
PRUNEROV;PRUNEROV;Braunkohle;C;E001;380;525,615;1753;525,615;525,615;525,615;525,615;525,615;525,615;525,615;525,615;525,615
SOKOLNICE;HODONIN;Braunkohle;C;E001;380;45,615;153;45,615;45,615;45,615;45,615;45,615;45,615;45,615;45,615;45,615
TEMELIN;TEMELIN;KKW;C;E001;380;1309;1870;1870;1870;1870;1870;1870;1870;1870;1870;1870
TISOVA;TISOVA;Braunkohle;C;E001;220;162,615;543;543;543;543;543;543;543;543;543;543
TUSIMICE;TUSIMICE;Braunkohle;C;E001;380;252,615;843;252,615;252,615;252,615;252,615;252,615;252,615;252,615;252,615;252,615
TYNEC;KOLIN;Braunkohle;C;E001;380;17,415;59;17,415;17,415;17,415;17,415;17,415;17,415;17,415;17,415;17,415
VRESOVA;VRESOVA;Braunkohle;C;E001;220;198,615;663;198,615;198,615;198,615;198,615;198,615;198,615;198,615;198,615;198,615
DALESICE;DALESICE;Pumpspeicher;C;E003;380;-450;487;487;487;487;487;487;487;487;487;487
DASNY;LIPNO;Wasserspeicher;C;E003;380;0;128;128;128;128;128;128;128;128;128;128
DLOUHE STRANE;DLOUHE STRANE;Pumpspeicher;C;E003;380;-624;657;657;657;657;657;657;657;657;657;657
KOCIN;HRACHOLUSKY;Wasserspeicher;C;E003;380;0;9;9;9;9;9;9;9;9;9;9
KOCIN;CERNE JEZERO;Pumpspeicher;C;E003;380;-1,91;9;9;9;9;9;9;9;9;9;9
KRASIKOV;PASTVINY;Pumpspeicher;C;E003;380;-3;10;10;10;10;10;10;10;10;10;10
OPOCINEK;PRACOV;Wasserspeicher;C;E003;220;0;17;17;17;17;17;17;17;17;17;17
SOKOLNICE;BRNO KNINICKY;Wasserspeicher;C;E003;380;0;10;10;10;10;10;10;10;10;10;10
MALCH;string;Gas;D;E001;string;7,5;38;7,5;7,5;7,5;7,5;7,5;7,5;7,5;7,5;7,5
MALCH;string;Gas;D;E001;string;7,5;38;7,5;7,5;7,5;7,5;7,5;7,5;7,5;7,5;7,5
MALCH;string;Gas;D;E001;string;7,5;38;7,5;7,5;7,5;7,5;7,5;7,5;7,5;7,5;7,5
MALCH;string;Gas;D;E001;string;7,5;38;7,5;7,5;7,5;7,5;7,5;7,5;7,5;7,5;7,5
WENDL;string;Gas;D;E001;string;13;65;13;13;13;13;13;13;13;13;13
WENDL;string;Gas;D;E001;string;16,2;81;16,2;16,2;16,2;16,2;16,2;16,2;16,2;16,2;16,2
WENDL;string;Steinkohle;D;E001;string;90,6;302;302;302;302;302;302;302;302;302;302
WENDL;string;Gas;D;E001;string;10;50;10;10;10;10;10;10;10;10;10
KUPFE;string;Gas;D;E001;string;11,4;57;11,4;11,4;11,4;11,4;11,4;11,4;11,4;11,4;11,4
AUDOR;string;Öl;D;E001;string;17,4;87;17,4;17,4;17,4;17,4;17,4;17,4;17,4;17,4;17,4
MENGE;string;Steinkohle;D;E001;string;215,1;717;717;717;717;717;717;717;717;717;717
KNAPS;string;Braunkohle;D;E001;string;0;52;0;0;0;0;0;0;0;0;0
BEXBA;string;Steinkohle;D;E001;string;216,3;721;721;721;721;721;721;721;721;721;721
BIBLI;string;KKW;D;E001;string;802,2;1146;1146;1146;1146;1146;1146;1146;1146;1146;1146
BIBLI;string;KKW;D;E001;string;868;1240;1240;1240;1240;1240;1240;1240;1240;1240;1240
ROMME;string;Braunkohle;D;E001;string;0;1050;0;0;0;0;0;0;0;0;0
BOXBE;string;Braunkohle;D;E001;string;0;465;0;0;0;0;0;0;0;0;0
BOXBE;string;Braunkohle;D;E001;string;0;465;0;0;0;0;0;0;0;0;0
BOXBE;string;Braunkohle;D;E001;string;0;857;0;0;0;0;0;0;0;0;0
BRUNS;string;Öl;D;E001;string;12,7;64;12,7;12,7;12,7;12,7;12,7;12,7;12,7;12,7;12,7
BRUNS;string;Öl;D;E001;string;12,7;64;12,7;12,7;12,7;12,7;12,7;12,7;12,7;12,7;12,7
BRUNS;string;Öl;D;E001;string;12,7;64;12,7;12,7;12,7;12,7;12,7;12,7;12,7;12,7;12,7
BRUNS;string;Öl;D;E001;string;12,7;64;12,7;12,7;12,7;12,7;12,7;12,7;12,7;12,7;12,7
SCHOL;string;Steinkohle;D;E001;string;21;70;70;70;70;70;70;70;70;70;70
HELMS;string;Braunkohle;D;E001;string;0;352;0;0;0;0;0;0;0;0;0
CHARL;string;Gas;D;E001;string;14;70;14;14;14;14;14;14;14;14;14
CHARL;string;Gas;D;E001;string;14;70;14;14;14;14;14;14;14;14;14
CHARL;string;Gas;D;E001;string;14,2;71;14,2;14,2;14,2;14,2;14,2;14,2;14,2;14,2;14,2
CHARL;string;Gas;D;E001;string;28,8;144;28,8;28,8;28,8;28,8;28,8;28,8;28,8;28,8;28,8
CHARL;string;Gas;D;E001;string;28,8;144;28,8;28,8;28,8;28,8;28,8;28,8;28,8;28,8;28,8
CHARL;string;Gas;D;E001;string;28,8;144;28,8;28,8;28,8;28,8;28,8;28,8;28,8;28,8;28,8
NWIES;string;Gas;D;E001;string;11,44;58;11,44;11,44;11,44;11,44;11,44;11,44;11,44;11,44;11,44
NWIES;string;Braunkohle;D;E001;string;0;57;0;0;0;0;0;0;0;0;0
GERST;string;Steinkohle;D;E001;string;28,5;95;95;95;95;95;95;95;28,5;95;95
GERST;string;Steinkohle;D;E001;string;28,5;95;95;95;95;95;95;95;28,5;28,5;95
GERST;string;Steinkohle;D;E001;string;33,9;113;113;113;113;113;113;113;33,9;113;113
LAUCH;string;Braunkohle;D;E001;string;0;67;0;0;0;0;0;0;0;0;0
LAUCH;string;Braunkohle;D;E001;string;0;31;0;0;0;0;0;0;0;0;0
ROMME;string;Braunkohle;D;E001;string;0;595;0;0;0;0;0;0;0;0;0
WALSU;string;Steinkohle;D;E001;string;38,7;129;129;129;129;129;129;129;38,7;129;129
WALSU;string;Steinkohle;D;E001;string;111;370;370;370;370;370;370;370;111;370;370
RHEIN;string;Gas;D;E001;string;8;40;8;8;8;8;8;8;8;8;8
RHEIN;string;Steinkohle;D;E001;string;39,9;133;133;133;133;133;133;133;133;133;133
RHEIN;string;Gas;D;E001;string;46,8;234;46,8;46,8;46,8;46,8;46,8;46,8;46,8;46,8;46,8
EMDEN;string;Gas;D;E001;string;10;50;10;10;10;10;10;10;10;10;10
HANEK;string;Gas;D;E001;string;11;55;11;11;11;11;11;11;11;11;11
HANEK;string;Gas;D;E001;string;71;355;71;71;71;71;71;71;71;71;71
HANEK;string;Gas;D;E001;string;11;55;11;11;11;11;11;11;11;11;11
HANEK;string;Gas;D;E001;string;71;355;71;71;71;71;71;71;71;71;71
FARGE;string;Steinkohle;D;E001;string;105;350;350;350;350;350;350;350;105;105;350
OSTER;string;Gas;D;E001;string;2,8;14;2,8;2,8;2,8;2,8;2,8;2,8;2,8;2,8;2,8
OSTER;string;Gas;D;E001;string;2,8;14;2,8;2,8;2,8;2,8;2,8;2,8;2,8;2,8;2,8
OSTER;string;Gas;D;E001;string;2,8;14;2,8;2,8;2,8;2,8;2,8;2,8;2,8;2,8;2,8
OSTER;string;Gas;D;E001;string;2,8;14;2,8;2,8;2,8;2,8;2,8;2,8;2,8;2,8;2,8
OSTER;string;Gas;D;E001;string;2,8;14;2,8;2,8;2,8;2,8;2,8;2,8;2,8;2,8;2,8
OSTER;string;Gas;D;E001;string;2,8;14;2,8;2,8;2,8;2,8;2,8;2,8;2,8;2,8;2,8
OSTER;string;Gas;D;E001;string;17,6;88;17,6;17,6;17,6;17,6;17,6;17,6;17,6;17,6;17,6
KRIEG;string;Gas;D;E001;string;76,6;383;76,6;76,6;76,6;76,6;76,6;76,6;76,6;76,6;76,6
KRIEG;string;Gas;D;E001;string;88;440;88;88;88;88;88;88;88;88;88
KRIEG;string;Gas;D;E001;string;10,6;53;10,6;10,6;10,6;10,6;10,6;10,6;10,6;10,6;10,6
GOHRP;string;Braunkohle;D;E001;string;0;135;0;0;0;0;0;0;0;0;0
GOHRP;string;Braunkohle;D;E001;string;0;133;0;0;0;0;0;0;0;0;0
GOHRP;string;Braunkohle;D;E001;string;0;284;0;0;0;0;0;0;0;0;0
GOHRP;string;Braunkohle;D;E001;string;0;278;0;0;0;0;0;0;0;0;0
GOHRP;string;Braunkohle;D;E001;string;0;134;0;0;0;0;0;0;0;0;0
GOHRP;string;Braunkohle;D;E001;string;0;129;0;0;0;0;0;0;0;0;0
ROMME;string;Braunkohle;D;E001;string;0;130;0;0;0;0;0;0;0;0;0
ROMME;string;Braunkohle;D;E001;string;0;130;0;0;0;0;0;0;0;0;0
ROMME;string;Braunkohle;D;E001;string;0;132;0;0;0;0;0;0;0;0;0
ROMME;string;Braunkohle;D;E001;string;0;124;0;0;0;0;0;0;0;0;0
OPLAD;string;Braunkohle;D;E001;string;0;128;0;0;0;0;0;0;0;0;0
OPLAD;string;Braunkohle;D;E001;string;0;136;0;0;0;0;0;0;0;0;0
OPLAD;string;Braunkohle;D;E001;string;0;131;0;0;0;0;0;0;0;0;0
GOHRP;string;Braunkohle;D;E001;string;0;138;0;0;0;0;0;0;0;0;0
WENDL;string;Gas;D;E001;string;11;55;11;11;11;11;11;11;11;11;11
GERST;string;Gas;D;E001;string;71;355;71;71;71;71;71;71;71;71;71
GERST;string;Gas;D;E001;string;11;55;11;11;11;11;11;11;11;11;11
GERST;string;Gas;D;E001;string;71;355;71;71;71;71;71;71;71;71;71
GERST;string;Gas;D;E001;string;11;55;11;11;11;11;11;11;11;11;11
GERST;string;Gas;D;E001;string;11;55;11;11;11;11;11;11;11;11;11
GERST;string;Gas;D;E001;string;71;355;71;71;71;71;71;71;71;71;71
GERST;string;Gas;D;E001;string;11;55;11;11;11;11;11;11;11;11;11
GUNDE;string;Steinkohle;D;E001;string;33,6;112;112;112;112;112;112;112;112;112;112
GUNDE;string;Gas;D;E001;string;121,5;608;121,5;121,5;121,5;121,5;121,5;121,5;121,5;121,5;121,5
MOELL;string;Steinkohle;D;E001;string;96,6;322;96,6;96,6;322;96,6;322;96,6;96,6;96,6;322
MOELL;string;Steinkohle;D;E001;string;95,4;318;95,4;95,4;318;95,4;318;95,4;95,4;95,4;318
HALFE;string;Braunkohle;D;E001;string;0;85;0;0;0;0;0;0;0;0;0
TIENG;string;Gas;D;E001;string;8;40;8;8;8;8;8;8;8;8;8
LAUCH;string;Öl;D;E001;string;8;40;8;8;8;8;8;8;8;8;8
LAUCH;string;Öl;D;E001;string;8;40;8;8;8;8;8;8;8;8;8
LAUCH;string;Öl;D;E001;string;8;40;8;8;8;8;8;8;8;8;8
GUNDE;string;KKW;D;E001;string;898,8;1284;1284;1284;1284;1284;1284;1284;1284;1284;1284
GUNDE;string;KKW;D;E001;string;901,6;1288;1288;1288;1288;1288;1288;1288;1288;1288;1288
FRANF;string;Steinkohle;D;E001;string;18,45;62;62;62;62;62;62;62;18,45;62;62
FRANF;string;Gas;D;E001;string;19,8;99;19,8;19,8;19,8;19,8;19,8;19,8;19,8;19,8;19,8
HAMBO;string;Steinkohle;D;E001;string;35,7;119;119;119;119;119;119;119;119;119;119
HAMBO;string;Steinkohle;D;E001;string;22,5;75;75;75;75;75;75;75;75;75;75
BLOCK;string;Steinkohle;D;E001;string;38,1;127;127;127;127;127;127;127;127;127;127
NDVIE;string;Steinkohle;D;E001;string;83,4;278;278;278;278;278;278;278;208,162;278;278
UENTR;string;Gas;D;E001;string;167,6;838;167,6;167,6;167,6;167,6;167,6;167,6;167,6;167,6;167,6
NDVIE;string;Gas;D;E001;string;31;155;31;31;31;31;31;31;31;31;31
MARIE;string;Öl;D;E001;string;4,64;24;4,64;4,64;4,64;4,64;4,64;4,64;4,64;4,64;4,64
MARIE;string;Öl;D;E001;string;4,64;24;4,64;4,64;4,64;4,64;4,64;4,64;4,64;4,64;4,64
MARIE;string;Öl;D;E001;string;4,64;24;4,64;4,64;4,64;4,64;4,64;4,64;4,64;4,64;4,64
MARIE;string;Öl;D;E001;string;4,64;24;4,64;4,64;4,64;4,64;4,64;4,64;4,64;4,64;4,64
HEILB;string;Steinkohle;D;E001;string;25,5;85;85;85;85;85;85;85;25,5;85;85
HEILB;string;Steinkohle;D;E001;string;25,5;85;85;85;85;85;85;85;25,5;85;85
HEILB;string;Steinkohle;D;E001;string;33;110;110;110;110;110;110;110;33;110;110
HEILB;string;Steinkohle;D;E001;string;33;110;110;110;110;110;110;110;110;110;110
ZUKUN;string;Laufwasser;D;E001;string;0;14;14;14;14;14;14;14;14;14;14
GAREN;string;Gas;D;E001;string;83,4;417;83,4;83,4;83,4;83,4;83,4;83,4;83,4;83,4;83,4
BOCHU;string;Steinkohle;D;E001;string;39,9;133;133;133;133;133;133;133;39,9;133;133
BOCHU;string;Steinkohle;D;E001;string;84;280;280;280;280;280;280;280;280;280;280
HANNO;string;Gas;D;E001;string;20,4;102;20,4;20,4;20,4;20,4;20,4;20,4;20,4;20,4;20,4
HEYDE;string;Steinkohle;D;E001;string;262,5;875;875;875;875;875;875;875;262,5;547,812;875
KRUCK;string;Gas;D;E001;string;2,4;12;2,4;2,4;2,4;2,4;2,4;2,4;2,4;2,4;2,4
MUEND;string;Gas;D;E001;string;60,6;303;60,6;60,6;60,6;60,6;60,6;60,6;60,6;60,6;60,6
KNAPS;string;Gas;D;E001;string;160;800;160;160;160;160;160;160;160;160;160
HUNTO;string;Gas;D;E001;string;64,2;321;64,2;64,2;64,2;64,2;64,2;64,2;64,2;64,2;64,2
WESTE;string;Steinkohle;D;E001;string;238,2;794;794;794;794;794;794;794;238,2;238,2;794
INGOL;string;Öl;D;E001;string;77,2;386;77,2;77,2;77,2;77,2;77,2;77,2;77,2;77,2;77,2
INGOL;string;Öl;D;E001;string;77,2;386;77,2;77,2;77,2;77,2;77,2;77,2;77,2;77,2;77,2
IRSCH;string;Gas;D;E001;string;83;415;83;83;83;83;83;83;83;83;83
ITZEH;string;Öl;D;E001;string;17,6;88;17,6;17,6;17,6;17,6;17,6;17,6;17,6;17,6;17,6
JAENS;string;Braunkohle;D;E001;string;0;465;0;0;0;0;0;0;0;0;0
JAENS;string;Braunkohle;D;E001;string;0;465;0;0;0;0;0;0;0;0;0
JAENS;string;Braunkohle;D;E001;string;0;465;0;0;0;0;0;0;0;0;0
JAENS;string;Braunkohle;D;E001;string;0;465;0;0;0;0;0;0;0;0;0
JAENS;string;Braunkohle;D;E001;string;0;465;0;0;0;0;0;0;0;0;0
JAENS;string;Braunkohle;D;E001;string;0;465;0;0;0;0;0;0;0;0;0
BERGS;string;Gas;D;E001;string;2,44;13;2,44;2,44;2,44;2,44;2,44;2,44;2,44;2,44;2,44
KIEL;string;Steinkohle;D;E001;string;96,9;323;96,9;96,9;323;96,9;323;96,9;96,9;96,9;323
HEYDE;string;Gas;D;E001;string;21;105;21;21;21;21;21;21;21;21;21
HEYDE;string;Gas;D;E001;string;5,4;27;5,4;5,4;5,4;5,4;5,4;5,4;5,4;5,4;5,4
HEYDE;string;Gas;D;E001;string;3,6;18;3,6;3,6;3,6;3,6;3,6;3,6;3,6;3,6;3,6
HEYDE;string;Gas;D;E001;string;2,4;12;2,4;2,4;2,4;2,4;2,4;2,4;2,4;2,4;2,4
HEYDE;string;Gas;D;E001;string;32;160;32;32;32;32;32;32;32;32;32
BROKD;string;KKW;D;E001;string;987;1410;1410;1410;1410;1410;1410;1410;1410;1410;1410
BRUNS;string;KKW;D;E001;string;539,7;771;771;771;771;771;771;771;771;771;771
HANEK;string;KKW;D;E001;string;930,3;1329;1329;1329;1329;1329;1329;1329;1329;1329;1329
GRAFE;string;KKW;D;E001;string;892,5;1275;1275;1275;1275;1275;1275;1275;1275;1275;1275
GROHN;string;KKW;D;E001;string;952;1360;1360;1360;1360;1360;1360;1360;1360;1360;1360
ISAR;string;KKW;D;E001;string;614,6;878;878;878;878;878;878;878;878;878;878
ISAR;string;KKW;D;E001;string;987;1410;1410;1410;1410;1410;1410;1410;1410;1410;1410
KRUEM;string;KKW;D;E001;string;882;1260;1260;1260;1260;1260;1260;1260;1260;1260;1260
NECKA;string;KKW;D;E001;string;549,5;785;785;785;785;785;785;785;785;785;785
NECKA;string;KKW;D;E001;string;917;1310;1310;1310;1310;1310;1310;1310;1310;1310;1310
PHILI;string;KKW;D;E001;string;623;890;890;890;890;890;890;890;890;890;890
PHILI;string;KKW;D;E001;string;981,4;1402;1402;1402;1402;1402;1402;1402;1402;1402;1402
UNTER;string;KKW;D;E001;string;941,5;1345;1345;1345;1345;1345;1345;1345;1345;1345;1345
POEPI;string;Steinkohle;D;E001;string;103,5;345;103,5;103,5;345;103,5;345;103,5;103,5;103,5;345
OSTER;string;Gas;D;E001;string;13,34;67;13,34;13,34;13,34;13,34;13,34;13,34;13,34;13,34;13,34
OSTER;string;Gas;D;E001;string;12,94;65;12,94;12,94;12,94;12,94;12,94;12,94;12,94;12,94;12,94
IRSCH;string;Öl;D;E001;string;4,6;23;4,6;4,6;4,6;4,6;4,6;4,6;4,6;4,6;4,6
IRSCH;string;Öl;D;E001;string;4,6;23;4,6;4,6;4,6;4,6;4,6;4,6;4,6;4,6;4,6
HANNO;string;Gas;D;E001;string;46;230;46;46;46;46;46;46;46;46;46
PULGA;string;Braunkohle;D;E001;string;0;875;0;0;0;0;0;0;0;0;0
PULGA;string;Braunkohle;D;E001;string;0;875;0;0;0;0;0;0;0;0;0
BASF;string;Gas;D;E001;string;32;160;32;32;32;32;32;32;32;32;32
ELMEN;string;Steinkohle;D;E001;string;44,7;149;149;149;149;149;149;149;44,7;44,7;149
ELMEN;string;Steinkohle;D;E001;string;97,2;324;324;324;324;324;324;324;324;324;324
BISCH;string;Gas;D;E001;string;67;335;67;67;67;67;67;67;67;67;67
NEURO;string;Steinkohle;D;E001;string;60,75;203;60,75;203;203;60,75;203;203;60,75;60,75;203
NEURO;string;Steinkohle;D;E001;string;127,5;425;425;425;425;425;425;425;127,5;425;425
NEURO;string;Steinkohle;D;E001;string;130,5;435;435;435;435;435;435;435;435;435;435
GROSG;string;Öl;D;E001;string;52,4;262;52,4;52,4;52,4;52,4;52,4;52,4;52,4;52,4;52,4
GROSG;string;Öl;D;E001;string;17;85;17;17;17;17;17;17;17;17;17
HOHEN;string;Öl;D;E001;string;15,48;78;15,48;15,48;15,48;15,48;15,48;15,48;15,48;15,48;15,48
MEHRU;string;Steinkohle;D;E001;string;207;690;690;690;690;690;690;690;207;690;690
OPLAD;string;Gas;D;E001;string;3,1;16;3,1;3,1;3,1;3,1;3,1;3,1;3,1;3,1;3,1
OPLAD;string;Braunkohle;D;E001;string;0;76;0;0;0;0;0;0;0;0;0
MITTE;string;Gas;D;E001;string;88,8;444;88,8;88,8;88,8;88,8;88,8;88,8;88,8;88,8;88,8
BLOCK;string;Gas;D;E001;string;52;260;52;52;52;52;52;52;52;52;52
BLOCK;string;Öl;D;E001;string;17,6;88;17,6;17,6;17,6;17,6;17,6;17,6;17,6;17,6;17,6
MITTE;string;Öl;D;E001;string;10,2;51;10,2;10,2;10,2;10,2;10,2;10,2;10,2;10,2;10,2
MITTE;string;Öl;D;E001;string;10,2;51;10,2;10,2;10,2;10,2;10,2;10,2;10,2;10,2;10,2
MITTE;string;Steinkohle;D;E001;string;26,7;89;89;89;89;89;89;89;26,7;89;89
ROXEL;string;Öl;D;E001;string;4,66;24;4,66;4,66;4,66;4,66;4,66;4,66;4,66;4,66;4,66
ROXEL;string;Öl;D;E001;string;4,66;24;4,66;4,66;4,66;4,66;4,66;4,66;4,66;4,66;4,66
ROXEL;string;Öl;D;E001;string;4,66;24;4,66;4,66;4,66;4,66;4,66;4,66;4,66;4,66;4,66
LAUCH;string;Braunkohle;D;E001;string;0;30;0;0;0;0;0;0;0;0;0
LAUCH;string;Braunkohle;D;E001;string;0;30;0;0;0;0;0;0;0;0;0
OSTER;string;Braunkohle;D;E001;string;0;277;0;0;0;0;0;0;0;0;0
ROMME;string;Braunkohle;D;E001;string;0;288;0;0;0;0;0;0;0;0;0
ROMME;string;Braunkohle;D;E001;string;0;292;0;0;0;0;0;0;0;0;0
ROMME;string;Braunkohle;D;E001;string;0;607;0;0;0;0;0;0;0;0;0
ROMME;string;Braunkohle;D;E001;string;0;604;0;0;0;0;0;0;0;0;0
BRAUW;string;Braunkohle;D;E001;string;0;125;0;0;0;0;0;0;0;0;0
BRAUW;string;Braunkohle;D;E001;string;0;125;0;0;0;0;0;0;0;0;0
BRAUW;string;Braunkohle;D;E001;string;0;295;0;0;0;0;0;0;0;0;0
BRAUW;string;Braunkohle;D;E001;string;0;297;0;0;0;0;0;0;0;0;0
OPLAD;string;Braunkohle;D;E001;string;0;295;0;0;0;0;0;0;0;0;0
OPLAD;string;Braunkohle;D;E001;string;0;299;0;0;0;0;0;0;0;0;0
ROMME;string;Braunkohle;D;E001;string;0;653;0;0;0;0;0;0;0;0;0
ROMME;string;Braunkohle;D;E001;string;0;648;0;0;0;0;0;0;0;0;0
FRANF;string;Gas;D;E001;string;14;70;14;14;14;14;14;14;14;14;14
FRANF;string;Gas;D;E001;string;11,2;56;11,2;11,2;11,2;11,2;11,2;11,2;11,2;11,2;11,2
PLEIN;string;Öl;D;E001;string;138,8;694;138,8;138,8;138,8;138,8;138,8;138,8;138,8;138,8;138,8
REUTE;string;Steinkohle;D;E001;string;14,4;48;48;48;48;48;48;48;48;48;48
REUTE;string;Steinkohle;D;E001;string;14,4;48;48;48;48;48;48;48;48;48;48
REUTE;string;Steinkohle;D;E001;string;31,5;105;105;105;105;105;105;105;105;105;105
REUTE;string;Steinkohle;D;E001;string;10,8;36;36;36;36;36;36;36;36;36;36
REUTE;string;Steinkohle;D;E001;string;7,5;25;25;25;25;25;25;25;25;25;25
REUTE;string;Steinkohle;D;E001;string;6;20;20;20;20;20;20;20;20;20;20
DAXLA;string;Gas;D;E001;string;70,6;353;70,6;70,6;70,6;70,6;70,6;70,6;70,6;70,6;70,6
DAXLA;string;Steinkohle;D;E001;string;151,5;505;505;505;505;505;505;505;151,5;505;505
LANDE;string;Gas;D;E001;string;100;500;100;100;100;100;100;100;100;100;100
UCHTE;string;Gas;D;E001;string;25;125;25;25;25;25;25;25;25;25;25
ROSTO;string;Steinkohle;D;E001;string;152,4;508;152,4;152,4;508;152,4;508;152,4;152,4;152,4;508
HBORN;string;Gas;D;E001;string;18;90;18;18;18;18;18;18;18;18;18
HBORN;string;Gas;D;E001;string;33;165;33;33;33;33;33;33;33;33;33
RAITE;string;Gas;D;E001;string;15;75;15;15;15;15;15;15;15;15;15
RAITE;string;Gas;D;E001;string;15;75;15;15;15;15;15;15;15;15;15
LAUCH;string;Braunkohle;D;E001;string;0;450;0;0;0;0;0;0;0;0;0
LAUCH;string;Braunkohle;D;E001;string;0;450;0;0;0;0;0;0;0;0;0
KUSEN;string;Steinkohle;D;E001;string;103,5;345;345;345;345;345;345;345;103,5;103,5;345
BERGM;string;Steinkohle;D;E001;string;103,5;345;345;345;345;345;345;345;345;345;345
POLSU;string;Steinkohle;D;E001;string;103,5;345;345;345;345;345;345;345;345;345;345
KUSEN;string;Steinkohle;D;E001;string;103,5;345;345;345;345;345;345;345;345;345;345
POLSU;string;Steinkohle;D;E001;string;202,8;676;290,142;676;676;676;676;676;202,8;202,8;676
ZUKUN;string;Laufwasser;D;E001;string;0;14;14;14;14;14;14;14;14;14;14
SWPUM;string;Braunkohle;D;E001;string;0;768;0;0;0;0;0;0;0;0;0
SWPUM;string;Braunkohle;D;E001;string;0;768;0;0;0;0;0;0;0;0;0
HERNE;string;Steinkohle;D;E001;string;7,5;25;25;25;25;25;25;25;25;25;25
HERNE;string;Steinkohle;D;E001;string;7,8;26;26;26;26;26;26;26;26;26;26
HERNE;string;Steinkohle;D;E001;string;9,6;32;32;32;32;32;32;32;32;32;32
HERNE;string;Steinkohle;D;E001;string;9,6;32;32;32;32;32;32;32;32;32;32
HERNE;string;Öl;D;E001;string;3,4;17;3,4;3,4;3,4;3,4;3,4;3,4;3,4;3,4;3,4
GROSK;string;Steinkohle;D;E001;string;74,7;249;249;249;249;249;249;249;249;249;249
GROSK;string;Steinkohle;D;E001;string;87,9;293;293;293;293;293;293;293;293;293;293
GROSK;string;Gas;D;E001;string;124,4;622;124,4;124,4;124,4;124,4;124,4;124,4;124,4;124,4;124,4
GROSK;string;Steinkohle;D;E001;string;153;510;510;510;510;510;510;510;153;510;510
THYRO;string;Gas;D;E001;string;7,3;37;7,3;7,3;7,3;7,3;7,3;7,3;7,3;7,3;7,3
THYRO;string;Gas;D;E001;string;7,3;37;7,3;7,3;7,3;7,3;7,3;7,3;7,3;7,3;7,3
THYRO;string;Gas;D;E001;string;7,3;37;7,3;7,3;7,3;7,3;7,3;7,3;7,3;7,3;7,3
THYRO;string;Gas;D;E001;string;7,3;37;7,3;7,3;7,3;7,3;7,3;7,3;7,3;7,3;7,3
THYRO;string;Gas;D;E001;string;7,5;38;7,5;7,5;7,5;7,5;7,5;7,5;7,5;7,5;7,5
THYRO;string;Gas;D;E001;string;7,5;38;7,5;7,5;7,5;7,5;7,5;7,5;7,5;7,5;7,5
THYRO;string;Gas;D;E001;string;7,5;38;7,5;7,5;7,5;7,5;7,5;7,5;7,5;7,5;7,5
THYRO;string;Gas;D;E001;string;7,5;38;7,5;7,5;7,5;7,5;7,5;7,5;7,5;7,5;7,5
BECHT;string;Gas;D;E001;string;11;55;11;11;11;11;11;11;11;11;11
VELTH;string;Steinkohle;D;E001;string;27,9;93;93;93;93;93;93;93;93;93;93
VELTH;string;Steinkohle;D;E001;string;90,9;303;303;303;303;303;303;303;303;303;303
VELTH;string;Gas;D;E001;string;67;335;67;67;67;67;67;67;67;67;67
VELTH;string;Gas;D;E001;string;13;65;13;13;13;13;13;13;13;13;13
ZENSE;string;Steinkohle;D;E001;string;208,5;695;695;695;695;695;695;695;695;695;695
ZENSE;string;Steinkohle;D;E001;string;208,5;695;695;695;695;695;695;695;208,5;208,5;695
SIEGB;string;Braunkohle;D;E001;string;0;118;0;0;0;0;0;0;0;0;0
NECKA;string;Steinkohle;D;E001;string;30,9;103;103;103;103;103;103;103;103;103;103
NECKA;string;Steinkohle;D;E001;string;45,9;153;153;153;153;153;153;153;45,9;45,9;153
NECKA;string;Öl;D;E001;string;27;135;27;27;27;27;27;27;27;27;27
WALSU;string;Steinkohle;D;E001;string;38,7;129;129;129;129;129;129;129;38,7;38,7;129
DOLLE;string;Steinkohle;D;E001;string;41,1;137;137;137;137;137;137;137;41,1;41,1;137
DOLLE;string;Steinkohle;D;E001;string;36,9;123;36,9;123;123;36,9;123;123;36,9;36,9;123
DOLLE;string;Öl;D;E001;string;10,1;51;10,1;10,1;10,1;10,1;10,1;10,1;10,1;10,1;10,1
DOLLE;string;Öl;D;E001;string;10,1;51;10,1;10,1;10,1;10,1;10,1;10,1;10,1;10,1;10,1
UCHTE;string;Steinkohle;D;E001;string;196,68;656;656;656;656;656;656;656;196,68;196,68;656
OBERZ;string;Gas;D;E001;string;54,4;272;54,4;54,4;54,4;54,4;54,4;54,4;54,4;54,4;54,4
OBERZ;string;Gas;D;E001;string;54,4;272;54,4;54,4;54,4;54,4;54,4;54,4;54,4;54,4;54,4
OBERZ;string;Braunkohle;D;E001;string;0;123;0;0;0;0;0;0;0;0;0
OBERZ;string;Braunkohle;D;E001;string;0;135;0;0;0;0;0;0;0;0;0
OBERZ;string;Braunkohle;D;E001;string;0;312;0;0;0;0;0;0;0;0;0
OBERZ;string;Braunkohle;D;E001;string;0;304;0;0;0;0;0;0;0;0;0
OBERZ;string;Braunkohle;D;E001;string;0;590;0;0;0;0;0;0;0;0;0
OBERZ;string;Braunkohle;D;E001;string;0;592;0;0;0;0;0;0;0;0;0
KRUCK;string;Gas;D;E001;string;41,2;206;41,2;41,2;41,2;41,2;41,2;41,2;41,2;41,2;41,2
KRUCK;string;Steinkohle;D;E001;string;55,8;186;186;186;186;186;186;186;186;186;186
KRUCK;string;Steinkohle;D;E001;string;93;310;93;310;310;93;310;310;93;93;310
GERST;string;Steinkohle;D;E001;string;182,1;607;182,1;231,492;607;182,1;607;231,492;182,1;182,1;607
GERST;string;Gas;D;E001;string;22,4;112;22,4;22,4;22,4;22,4;22,4;22,4;22,4;22,4;22,4
LIPPB;string;Steinkohle;D;E001;string;45,6;152;152;152;152;152;152;152;152;152;152
LIPPB;string;Steinkohle;D;E001;string;45,6;152;45,6;45,6;152;45,6;152;45,6;45,6;45,6;152
LIPPB;string;Steinkohle;D;E001;string;85,2;284;85,2;85,2;284;85,2;284;85,2;85,2;85,2;284
WILHE;string;Steinkohle;D;E001;string;227,1;757;227,1;757;757;631,992;757;757;227,1;227,1;757
WILHE;string;Öl;D;E001;string;11,2;56;11,2;11,2;11,2;11,2;11,2;11,2;11,2;11,2;11,2
BERTRANGE;LEUDELANGE;Müll;D;E001;220;0;47;47;47;47;47;47;47;47;47;47
ESCH;TWINERG;GuD;D;E001;220;82,934;415;82,934;82,934;82,934;82,934;82,934;82,934;82,934;82,934;82,934
ROOST;REDANGE;Gas;D;E001;220;7,534;38;7,534;7,534;7,534;7,534;7,534;7,534;7,534;7,534;7,534
ATKSH;string;Wasserspeicher;D;E003;string;0;15;15;15;15;15;15;15;15;15;15
ATKSH;string;Wasserspeicher;D;E003;string;0;15;15;15;15;15;15;15;15;15;15
REMPT;string;Pumpspeicher;D;E003;string;0;80;80;80;80;80;80;80;80;80;80
REMPT;string;Pumpspeicher;D;E003;string;0;80;80;80;80;80;80;80;80;80;80
URBER;string;Pumpspeicher;D;E003;string;0;220;220;220;220;220;220;220;220;220;220
URBER;string;Pumpspeicher;D;E003;string;0;220;220;220;220;220;220;220;220;220;220
KRUEM;string;Pumpspeicher;D;E003;string;0;40;40;40;40;40;40;40;40;40;40
KRUEM;string;Pumpspeicher;D;E003;string;0;40;40;40;40;40;40;40;40;40;40
METZI;string;Pumpspeicher;D;E003;string;0;90;90;90;90;90;90;90;90;90;90
METZI;string;Pumpspeicher;D;E003;string;0;90;90;90;90;90;90;90;90;90;90
ALTEN;string;Pumpspeicher;D;E003;string;0;1052;1052;1052;1052;1052;1052;1052;1052;1052;1052
ALTEN;string;Pumpspeicher;D;E003;string;0;1052;1052;1052;1052;1052;1052;1052;1052;1052;1052
TIENG;string;Pumpspeicher;D;E003;string;0;100;100;100;100;100;100;100;100;100;100
TIENG;string;Pumpspeicher;D;E003;string;0;100;100;100;100;100;100;100;100;100;100
LUDER;string;Pumpspeicher;D;E003;string;0;160;160;160;160;160;160;160;160;160;160
LUDER;string;Pumpspeicher;D;E003;string;0;160;160;160;160;160;160;160;160;160;160
WALDE;string;Wasserspeicher;D;E003;string;0;20;20;20;20;20;20;20;20;20;20
ERFUR;string;Pumpspeicher;D;E003;string;0;318;318;318;318;318;318;318;318;318;318
ERFUR;string;Pumpspeicher;D;E003;string;0;318;318;318;318;318;318;318;318;318;318
ERFUR;string;Pumpspeicher;D;E003;string;0;60;60;60;60;60;60;60;60;60;60
ERFUR;string;Pumpspeicher;D;E003;string;0;60;60;60;60;60;60;60;60;60;60
KOEPC;string;Pumpspeicher;D;E003;string;0;153;153;153;153;153;153;153;153;153;153
KOEPC;string;Pumpspeicher;D;E003;string;0;153;153;153;153;153;153;153;153;153;153
KOEPC;string;Pumpspeicher;D;E003;string;0;163;163;163;163;163;163;163;163;163;163
KOEPC;string;Pumpspeicher;D;E003;string;0;162;162;162;162;162;162;162;162;162;162
MARKB;string;Pumpspeicher;D;E003;string;0;1046;1046;1046;1046;1046;1046;1046;1046;1046;1046
MARKB;string;Pumpspeicher;D;E003;string;0;1046;1046;1046;1046;1046;1046;1046;1046;1046;1046
LIPPB;string;Pumpspeicher;D;E003;string;0;8;8;8;8;8;8;8;8;8;8
STREU;string;Pumpspeicher;D;E003;string;0;20;20;20;20;20;20;20;20;20;20
STREU;string;Pumpspeicher;D;E003;string;0;20;20;20;20;20;20;20;20;20;20
NIEDS;string;Pumpspeicher;D;E003;string;0;1096;1096;1096;1096;1096;1096;1096;1096;1096;1096
ETZEN;string;Pumpspeicher;D;E003;string;0;99;99;99;99;99;99;99;99;99;99
ETZEN;string;Pumpspeicher;D;E003;string;0;99;99;99;99;99;99;99;99;99;99
ATKSH;string;Pumpspeicher;D;E003;string;0;140;140;140;140;140;140;140;140;140;140
ATKSH;string;Pumpspeicher;D;E003;string;0;140;140;140;140;140;140;140;140;140;140
LEUPO;string;Wasserspeicher;D;E003;string;0;46;46;46;46;46;46;46;46;46;46
KUEHM;string;Pumpspeicher;D;E003;string;0;360;360;360;360;360;360;360;360;360;360
KUEHM;string;Pumpspeicher;D;E003;string;0;360;360;360;360;360;360;360;360;360;360
BIXTE;string;Pumpspeicher;D;E003;string;0;3;3;3;3;3;3;3;3;3;3
BIXTE;string;Pumpspeicher;D;E003;string;0;5;5;5;5;5;5;5;5;5;5
NIEDS;string;Pumpspeicher;D;E003;string;0;1096;1096;1096;1096;1096;1096;1096;1096;1096;1096
ETZEN;string;Pumpspeicher;D;E003;string;0;28;28;28;28;28;28;28;28;28;28
ETZEN;string;Pumpspeicher;D;E003;string;0;28;28;28;28;28;28;28;28;28;28
OBERN;string;Wasserspeicher;D;E003;string;0;72;72;72;72;72;72;72;72;72;72
WALDE;string;Pumpspeicher;D;E003;string;0;143;143;143;143;143;143;143;143;143;143
WALDE;string;Pumpspeicher;D;E003;string;0;143;143;143;143;143;143;143;143;143;143
WALDE;string;Pumpspeicher;D;E003;string;0;480;480;480;480;480;480;480;480;480;480
WALDE;string;Pumpspeicher;D;E003;string;0;480;480;480;480;480;480;480;480;480;480
TIENG;string;Pumpspeicher;D;E003;string;0;150;150;150;150;150;150;150;150;150;150
TIENG;string;Pumpspeicher;D;E003;string;0;150;150;150;150;150;150;150;150;150;150
GURTW;string;Pumpspeicher;D;E003;string;0;910;910;910;910;910;910;910;910;910;910
GURTW;string;Pumpspeicher;D;E003;string;0;910;910;910;910;910;910;910;910;910;910
KLOST;string;Pumpspeicher;D;E003;string;0;80;80;80;80;80;80;80;80;80;80
KLOST;string;Pumpspeicher;D;E003;string;0;80;80;80;80;80;80;80;80;80;80
TIENG;string;Pumpspeicher;D;E003;string;0;220;220;220;220;220;220;220;220;220;220
TIENG;string;Pumpspeicher;D;E003;string;0;220;220;220;220;220;220;220;220;220;220
FLEBOUR;ESCH-SUR-SURE;Wasserspeicher;D;E003;220;0;13;13;13;13;13;13;13;13;13;13
VIANDEN;VIANDEN;Pumpspeicher;D;E003;220;-850;1096;1096;1096;1096;1096;1096;1096;1096;1096;1096
